V1,V2,V3,V4,V5,V6,V7,V8,V9,V10,Q1,Q22,Q74_1,Q3,Q2,Q4,Q5,Q6,Q7,Q8,Q9,Q10,Q11,Q12,Q13,Q14,Q63,Q33,Q34,Q35,Q36,Q37,Q38,Q39,Q40,Q41,Q42,Q43,Q44,Q45,Q46,Q47,Q48,Q49,Q50,Q51,Q52,Q53,Q54,Q55,Q56,Q57,Q58,Q59,Q60,Q61,Q62,Q21,Q24,Q25,Q26,Q27,Q28,Q29,Q30,Q31,Q23_1,Q23_2,Q23_3,Q23_4,Q32_1,Q32_2,Q32_3,Q32_4,Q32_5,Q32_6,Q32_7,Q32_8,Q32_9,Q32_10,Q32_11,Q32_12,Q32_13,Q32_14,Q32_15,Q32_16,Q32_17,Q32_18,Q32_19,Q32_20,Q32_21,Q65,Q67,Q69,Q75,Q71,Q72,Q73,Q74,Q75,Q75,Q76,Q77,Q78,Q79,Q80,Q81,Q82,Q83,Q84,Q85,Q86,Q87,Q88,Q89,Q90,Q91,Q92,Q93,Q94,Q95,Q96,Q97,Q98,Q99,Q100,Q101,Q102,Q103,Q104,Q105,Q106,Q107,Q108,Q109,Q110,Q111,Q112,Q113,Q114,Q115,Q116,Q117,Q118,Q119,Q120,Q121,Q122,Q123,Q124,Q125,Q126,Q127,Q128,Q129,Q130,Q131,Q132,Q133,Q134,Q135,Q136,Q137,Q138,Q139,Q140,Q141,Q142,Q143,Q144,Q145,Q146,Q147,Q148,Q149,Q150,Q151,Q152,Q153,Q154,Q155,Q156,Q157,Q158,Q159,Q160,Q161,Q162,LocationLatitude,LocationLongitude,LocationAccuracy,
ResponseID,ResponseSet,Name,ExternalDataReference,EmailAddress,IPAddress,Status,StartDate,EndDate,Finished,Participant Number,Please click the next button to begin the survey.,How happy are you right now?-Happy,Please rate how important you believe each of the following factors are in explaining unemploymen...,1. Poor people do not save; they spend foolishly.,2. Poor people do not try hard enough,3. Bad morals and alcoholism,4. Unemployed people do not try hard enough to get jobs,5. The economic situation in Canada is unfavorable,6. Government policies are inadequate,7. Private industry not providing jobs,8. Jobs are inadequately paid,9. Exploitation by the rich,10. The economic policies of Canada,11. The North American political system,12. The economic policies of Canada,Please respond to each question below using the provided scales. ,1. People who are poor benefit from job training programs,2. People who are poor would rather work than be on welfare.,3. People who are poor often have a substance abuse problem,4. Poor children are treated the same as other children in school,5. People are poor because of things that happen to them,6. People who are poor have equal access to health care,7. Politicians care about people who are poor,8. Many people who are poor have a mental illness,9. People who are poor earn what they deserve,10. People who are poor attempt to get out of poverty,11. People who are poor have a problem with learning,12. People who are poor are more likely to be children,13. The business sector is concerned about people who are poor,14. People who are poor will fake illness rather than work,15. People who are poor are often ignored by everyone else,16. The government provides enough free substance abuse programs for people who are poor,17. People who are poor save money,18. Poor children have behaviour problems in school,19. The government does enough to help people who are poor,20. Many people who are poor lack social skills,21. People who are poor benefit from substance treatment programs,22. People are poor because they dropped out of school,23. People who are poor are a drain on health care,24. People are poor because of the choices they make,25. PEople who are poor get out of poverty by selling drugs,26. People who are poor have the same opportunities to succeed as other Canadians,27. Most people who are poor are adults,28. People who are poor spend their money on drugs or alcohol,29. People get out of poverty by succeeding in school,30. People who are poor do not work because they are lazy,Economic inequality is causing many of the worlds problems.,I am very disturbed by the amount of economic inequality in the world today.,"If I could, I would make the world a more equal place.",We need to do everything possible to reduce economic inequality in the world today.,The negative consequences of economic inequality have been largely exaggerated.,Economic inequality is not a problem.,Economic inequality is a good thing.,"Overall, economic inequality is good for the world.",I think the state of income inequality in Canada is unfair.,"Please answer the following questions according to the scale below.-How much, if anything, should the government do to reduce poverty?","Please answer the following questions according to the scale below.-How much, if anything, should the government do to reduce the gap between the rich and everyone else?",Please answer the following questions according to the scale below.-How much do you think government policies and programs can do to reduce poverty in this country?,Please answer the following questions according to the scale below.-How much do you think government policies and programs can do to reduce the gap between the rich and everyone else in this country?,"Please rate how much each of the following statements describes you on the scale provided below.-I often have tender, concerned feelings for people less fortunate than me","Please rate how much each of the following statements describes you on the scale provided below.-I sometimes find it difficult to see things from the ""other guy's"" point of view",Please rate how much each of the following statements describes you on the scale provided below.-Sometimes I don't feel very sorry for other people when they are having problems,"Please rate how much each of the following statements describes you on the scale provided below.-In emergency situations, I feel apprehensive and ill-at-ease",Please rate how much each of the following statements describes you on the scale provided below.-I try to look at everybody's side of a disagreement before I make a decision,"Please rate how much each of the following statements describes you on the scale provided below.-When I see someone being taken advantage of, I feel kind of protective towards them",Please rate how much each of the following statements describes you on the scale provided below.-I sometimes feel helpless when I am in the middle of a very emotional situation,Please rate how much each of the following statements describes you on the scale provided below.-I sometimes try to understand my friends better by imagining how things look from their perspective,Please rate how much each of the following statements describes you on the scale provided below.-When I see someone get hurt I tend to remain calm,Please rate how much each of the following statements describes you on the scale provided below.-Other people's misfortune does not usually disturb me a great deal,"Please rate how much each of the following statements describes you on the scale provided below.-If I'm sure I'm right about something, I don't waste much time listening to other people's arguments",Please rate how much each of the following statements describes you on the scale provided below.-Being in a tense emotional situation scares me,"Please rate how much each of the following statements describes you on the scale provided below.-When I see someone being treated unfairly, I sometimes don't feel very much pity for them",Please rate how much each of the following statements describes you on the scale provided below.-I am usually pretty effective in dealing with emergencies,Please rate how much each of the following statements describes you on the scale provided below.-I am often quite touched by things that I see happen,Please rate how much each of the following statements describes you on the scale provided below.-I believe that there are two sides to every question and try to look at them both,Please rate how much each of the following statements describes you on the scale provided below.-I would describe myself as a soft-hearted person,Please rate how much each of the following statements describes you on the scale provided below.-I tend to lose control during emergencies,"Please rate how much each of the following statements describes you on the scale provided below.-When I'm upset at someone, I usually try to ""put myself in their shoes"" for a while","Please rate how much each of the following statements describes you on the scale provided below.-When I see someone who badly needs help in an emergence, I go to pieces","Please rate how much each of the following statements describes you on the scale provided below.-Before criticizing somebody, I try to imagine how I would feel if I were in their place",Are you:,How old are you?,What is your ethnicity?,What is your Major?,What is your household income?,"When it comes to politics, do you usually think of yourself as liberal, moderate, conservative, o...","In general, how liberal (left-wing) or conservative (right-wing) are you on social issues?","In general, how liberal (left-wing) or conservative (right-wing) are you on economic issues?",Would you most closely identify as a:,Please rate how important you believe each of the following factors are in explaining unemploymen...,1. Poor people do not save; they spend foolishly.,2. Poor people do not try hard enough,3. Bad morals and alcoholism,4. Unemployed people do not try hard enough to get jobs,5. The economic situation in Canada is unfavorable,6. Government policies are inadequate,7. Private industry not providing jobs,8. Jobs are inadequately paid,9. Exploitation by the rich,10. The economic policies of Canada,11. The North American political system,12. The economic policies of Canada,Please respond to each question below using the provided scales. ,1. People who are poor benefit from job training programs,2. People who are poor would rather work than be on welfare.,3. People who are poor often have a substance abuse problem,4. Poor children are treated the same as other children in school,5. People are poor because of things that happen to them,6. People who are poor have equal access to health care,7. Politicians care about people who are poor,8. Many people who are poor have a mental illness,9. People who are poor earn what they deserve,10. People who are poor attempt to get out of poverty,11. People who are poor have a problem with learning,12. People who are poor are more likely to be children,13. The business sector is concerned about people who are poor,14. People who are poor will fake illness rather than work,15. People who are poor are often ignored by everyone else,16. The government provides enough free substance abuse programs for people who are poor,17. People who are poor save money,18. Poor children have behaviour problems in school,19. The government does enough to help people who are poor,20. Many people who are poor lack social skills,21. People who are poor benefit from substance treatment programs,22. People are poor because they dropped out of school,23. People who are poor are a drain on health care,24. People are poor because of the choices they make,25. PEople who are poor get out of poverty by selling drugs,26. People who are poor have the same opportunities to succeed as other Canadians,27. Most people who are poor are adults,28. People who are poor spend their money on drugs or alcohol,29. People get out of poverty by succeeding in school,30. People who are poor do not work because they are lazy,Please rate how important you believe each of the following factors are in explaining unemploymen...,1. Poor people do not save; they spend foolishly.,2. Poor people do not try hard enough,3. Bad morals and alcoholism,4. Unemployed people do not try hard enough to get jobs,5. The economic situation in Canada is unfavorable,6. Government policies are inadequate,7. Private industry not providing jobs,8. Jobs are inadequately paid,9. Exploitation by the rich,10. The economic policies of Canada,11. The North American political system,12. The economic policies of Canada,Please respond to each question below using the provided scales. ,1. People who are poor benefit from job training programs,2. People who are poor would rather work than be on welfare.,3. People who are poor often have a substance abuse problem,4. Poor children are treated the same as other children in school,5. People are poor because of things that happen to them,6. People who are poor have equal access to health care,7. Politicians care about people who are poor,8. Many people who are poor have a mental illness,9. People who are poor earn what they deserve,10. People who are poor attempt to get out of poverty,11. People who are poor have a problem with learning,12. People who are poor are more likely to be children,13. The business sector is concerned about people who are poor,14. People who are poor will fake illness rather than work,15. People who are poor are often ignored by everyone else,16. The government provides enough free substance abuse programs for people who are poor,17. People who are poor save money,18. Poor children have behaviour problems in school,19. The government does enough to help people who are poor,20. Many people who are poor lack social skills,21. People who are poor benefit from substance treatment programs,22. People are poor because they dropped out of school,23. People who are poor are a drain on health care,24. People are poor because of the choices they make,25. PEople who are poor get out of poverty by selling drugs,26. People who are poor have the same opportunities to succeed as other Canadians,27. Most people who are poor are adults,28. People who are poor spend their money on drugs or alcohol,29. People get out of poverty by succeeding in school,30. People who are poor do not work because they are lazy,LocationLatitude,LocationLongitude,LocationAccuracy,
R_2rwNXSzRsn3mnDv,Default Response Set,Anonymous,,,142.58.41.232,0,2017-01-27 10:28:03,2017-01-27 11:16:47,1,1,1,50,1,1,1,1,1,3,2,2,4,4,4,4,4,1,6,7,4,2,5,2,3,4,2,6,4,4,2,1,6,3,1,4,2,4,4,2,2,4,4,2,4,2,2,1,6,6,5,5,2,2,5,5,6,4,3,3,3,5,1,1,1,4,5,1,5,3,1,2,1,1,4,5,5,4,1,4,3,4,2,19,Caucasion ,Criminology ,1,3,2,4,1,,,,,,,,,,,,,,,,,,,,,,,,,,,,,,,,,,,,,,,,,,,,,,,,,,,,,,,,,,,,,,,,,,,,,,,,,,,,,,,,,,,,,,,,,49.264007568359,-122.93690490723,-1,
R_1JOsKqONXFtOsuX,Default Response Set,Anonymous,,,142.58.41.232,0,2017-01-27 11:21:12,2017-01-27 11:57:25,1,2,1,48,1,2,2,4,2,4,3,3,3,3,4,4,4,1,4,5,3,2,5,4,4,3,4,,4,4,3,4,5,4,4,4,4,4,4,3,4,4,4,3,5,4,3,3,4,5,5,5,4,4,4,4,4,3,2,2,2,4,3,3,3,4,4,3,4,3,4,3,3,2,3,3,3,4,2,4,2,3,1,18,Chinese,Cognitive Science,10,8,8,8,4,,,,,,,,,,,,,,,,,,,,,,,,,,,,,,,,,,,,,,,,,,,,,,,,,,,,,,,,,,,,,,,,,,,,,,,,,,,,,,,,,,,,,,,,,49.264007568359,-122.93690490723,-1,
R_1gductfbxijQVTi,Default Response Set,Anonymous,,,142.58.41.232,0,2017-01-27 12:24:26,2017-01-27 12:34:23,1,3,1,80,1,2,2,4,2,4,4,4,4,4,4,4,4,1,6,6,4,5,4,4,3,3,2,6,2,5,1,3,5,4,6,3,3,4,5,3,1,4,3,6,5,4,5,2,7,6,6,6,3,2,1,1,5,4,4,4,4,5,2,2,3,5,5,5,5,2,1,4,4,1,4,2,5,5,4,4,3,5,2,24,Arab,Biomedical Physiology,1,8,8,8,4,,,,,,,,,,,,,,,,,,,,,,,,,,,,,,,,,,,,,,,,,,,,,,,,,,,,,,,,,,,,,,,,,,,,,,,,,,,,,,,,,,,,,,,,,49.264007568359,-122.93690490723,-1,
R_9GN5JnCETApGjPH,Default Response Set,Anonymous,,,142.58.41.232,0,2017-01-27 12:49:44,2017-01-27 12:58:57,1,4,1,83,1,1,2,4,3,3,3,3,4,4,3,4,4,1,5,6,3,3,6,3,3,3,2,5,5,3,3,2,6,3,5,5,3,5,4,4,3,4,2,2,5,2,5,3,5,5,7,5,3,2,1,1,5,4,4,4,3,4,4,2,5,3,4,4,3,2,1,2,4,2,3,5,3,5,3,3,3,4,1,18,Canadian Born Chinese,Criminology,6,2,4,4,1,,,,,,,,,,,,,,,,,,,,,,,,,,,,,,,,,,,,,,,,,,,,,,,,,,,,,,,,,,,,,,,,,,,,,,,,,,,,,,,,,,,,,,,,,49.264007568359,-122.93690490723,-1,
R_3J9iYe578EbuBQt,Default Response Set,Anonymous,,,142.58.41.202,0,2017-01-27 13:18:07,2017-01-27 13:46:52,1,5,1,90,1,3,3,4,4,3,3,3,3,4,4,4,4,1,4,4,4,3,4,3,4,4,3,5,5,4,4,4,5,4,4,4,4,5,5,4,4,4,5,4,4,4,5,4,5,5,5,5,4,3,3,4,4,4,3,3,3,4,3,2,3,4,3,3,3,,3,3,3,2,2,4,4,3,2,3,3,3,2,31,filipino,psychology and education (minor-minor),11,8,4,4,2,,,,,,,,,,,,,,,,,,,,,,,,,,,,,,,,,,,,,,,,,,,,,,,,,,,,,,,,,,,,,,,,,,,,,,,,,,,,,,,,,,,,,,,,,49.264007568359,-122.93690490723,-1,
R_1GJ11JhW54zbxRz,Default Response Set,Anonymous,,,142.58.41.202,0,2017-01-27 13:49:02,2017-01-27 14:22:43,1,6,1,60,1,4,1,4,3,3,3,4,4,4,4,5,5,1,4,5,3,2,4,2,2,3,2,7,6,4,3,1,6,1,4,6,1,6,6,2,1,2,2,1,4,5,3,1,6,6,7,7,4,2,2,2,5,4,2,2,2,5,1,1,2,4,5,3,4,3,4,2,3,1,3,4,5,5,3,4,3,4,2,19,Canadian,Psychology,15,5,4,4,4,,,,,,,,,,,,,,,,,,,,,,,,,,,,,,,,,,,,,,,,,,,,,,,,,,,,,,,,,,,,,,,,,,,,,,,,,,,,,,,,,,,,,,,,,49.264007568359,-122.93690490723,-1,
R_8oaWhb9Kx3TSwBX,Default Response Set,Anonymous,,,142.58.41.232,0,2017-02-02 09:40:39,2017-02-02 10:24:59,1,7,1,61,1,2,1,2,1,3,4,4,5,4,4,4,4,1,6,6,3,2,6,2,3,4,2,6,3,2,2,2,6,2,3,3,2,4,6,5,3,3,2,2,3,2,5,1,5,5,6,6,4,2,3,3,6,4,3,3,2,5,3,2,4,5,5,3,4,3,2,3,4,1,3,5,4,4,2,4,3,4,2,18,Japanese,Psychology/Crim,2,2,3,3,1,,,,,,,,,,,,,,,,,,,,,,,,,,,,,,,,,,,,,,,,,,,,,,,,,,,,,,,,,,,,,,,,,,,,,,,,,,,,,,,,,,,,,,,,,49.264007568359,-122.93690490723,-1,
R_3oX7liScDfpOCNi,Default Response Set,Anonymous,,,142.58.41.232,0,2017-02-02 10:25:17,2017-02-02 10:48:27,1,8,1,35,1,1,1,1,1,5,5,4,5,4,4,4,4,1,6,6,3,2,4,1,3,6,1,6,4,3,1,1,5,2,3,4,2,2,4,2,1,2,1,2,5,3,5,1,6,7,7,6,1,1,1,1,6,4,4,3,2,5,2,2,4,4,5,4,4,2,1,5,4,1,3,2,3,2,2,3,1,2,3,20,Black & White,Criminology-Sociology Joint Major,14,9,9,9,2,,,,,,,,,,,,,,,,,,,,,,,,,,,,,,,,,,,,,,,,,,,,,,,,,,,,,,,,,,,,,,,,,,,,,,,,,,,,,,,,,,,,,,,,,49.264007568359,-122.93690490723,-1,
R_sMEaKQclZ5aOcNj,Default Response Set,Anonymous,,,142.58.41.232,0,2017-02-02 11:03:16,2017-02-02 11:12:47,1,9,1,40,1,4,3,4,5,4,5,5,4,,4,3,5,1,6,5,5,2,6,4,3,5,2,5,2,2,4,2,4,3,2,2,1,2,4,2,2,6,2,2,6,5,5,2,4,6,7,7,3,2,2,2,5,4,4,3,3,4,2,1,1,4,4,4,4,1,2,3,5,1,1,5,4,4,5,2,5,4,2,18,Canadian,Psychology,15,6,5,6,1,,,,,,,,,,,,,,,,,,,,,,,,,,,,,,,,,,,,,,,,,,,,,,,,,,,,,,,,,,,,,,,,,,,,,,,,,,,,,,,,,,,,,,,,,49.264007568359,-122.93690490723,-1,
R_3CNjHFsJMozpmMx,Default Response Set,Anonymous,,,142.58.41.232,0,2017-02-02 11:15:17,2017-02-02 11:43:44,1,10,1,51,1,2,2,2,3,3,3,2,2,2,2,3,2,1,5,5,3,5,5,5,5,2,3,3,2,2,2,2,2,5,5,5,3,2,3,4,5,5,4,2,5,3,5,2,4,3,5,5,5,2,3,3,5,3,3,3,3,5,4,2,2,4,3,4,3,3,1,3,4,2,4,4,3,4,1,2,2,4,2,19,caucasian,political science,14,2,2,2,1,,,,,,,,,,,,,,,,,,,,,,,,,,,,,,,,,,,,,,,,,,,,,,,,,,,,,,,,,,,,,,,,,,,,,,,,,,,,,,,,,,,,,,,,,49.264007568359,-122.93690490723,-1,
R_RlUhod5zNpTeRIR,Default Response Set,Anonymous,,,142.58.41.232,0,2017-02-02 11:45:35,2017-02-02 12:33:57,1,11,1,65,1,2,3,4,3,4,4,5,3,4,4,4,4,1,6,5,2,3,5,4,3,2,1,5,2,2,2,2,6,3,4,3,2,4,6,3,2,5,2,3,5,3,5,3,6,7,7,5,2,2,3,5,3,4,4,3,2,5,4,4,4,5,5,1,5,2,4,2,3,1,3,4,5,3,1,5,1,5,2,19,Vietnamese,Psychology ,6,9,9,9,4,,,,,,,,,,,,,,,,,,,,,,,,,,,,,,,,,,,,,,,,,,,,,,,,,,,,,,,,,,,,,,,,,,,,,,,,,,,,,,,,,,,,,,,,,49.264007568359,-122.93690490723,-1,
R_1NtwLGAxfhYk0Gh,Default Response Set,Anonymous,,,142.58.41.202,0,2017-02-03 10:22:56,2017-02-03 12:06:09,1,12,1,50,1,4,3,2,4,4,4,3,4,4,3,3,3,1,4,5,4,5,4,2,3,4,2,5,2,4,4,2,4,2,6,2,4,2,4,4,4,4,4,5,4,4,5,2,5,4,5,6,4,3,1,1,4,4,3,3,3,5,3,1,4,3,4,5,4,4,2,3,5,1,3,4,3,5,4,3,4,4,2,19,Ismaili Muslim,Kinesiology,1,8,4,8,2,,,,,,,,,,,,,,,,,,,,,,,,,,,,,,,,,,,,,,,,,,,,,,,,,,,,,,,,,,,,,,,,,,,,,,,,,,,,,,,,,,,,,,,,,49.264007568359,-122.93690490723,-1,
R_1mF9CwGGsCcSBhE,Default Response Set,Anonymous,,,142.58.41.202,0,2017-02-03 12:08:03,2017-02-03 12:25:25,1,13,1,50,1,3,2,2,3,4,3,4,4,3,4,4,4,1,6,4,5,2,6,3,4,3,4,4,3,4,4,5,5,4,3,5,5,5,4,5,3,3,4,3,3,5,5,3,5,4,4,3,4,5,3,3,4,3,3,2,1,4,3,2,3,2,4,5,4,4,2,4,5,1,3,4,4,5,4,2,3,3,2,18,Chinese,Economics,7,3,3,3,3,,,,,,,,,,,,,,,,,,,,,,,,,,,,,,,,,,,,,,,,,,,,,,,,,,,,,,,,,,,,,,,,,,,,,,,,,,,,,,,,,,,,,,,,,49.264007568359,-122.93690490723,-1,
R_piyDJD6yx25G1dD,Default Response Set,Anonymous,,,142.58.41.202,0,2017-02-03 12:33:50,2017-02-03 12:42:46,1,14,1,0,1,1,1,2,2,5,4,3,5,5,3,3,3,1,6,7,2,3,5,3,3,5,2,7,2,4,3,1,6,7,6,4,1,1,4,5,1,5,1,1,2,2,2,1,6,6,7,7,1,1,2,1,7,4,4,3,2,5,1,1,4,5,5,3,3,1,1,1,3,1,3,5,5,3,2,5,5,5,2,19,Canadian,Health Sciences,4,8,8,8,1,,,,,,,,,,,,,,,,,,,,,,,,,,,,,,,,,,,,,,,,,,,,,,,,,,,,,,,,,,,,,,,,,,,,,,,,,,,,,,,,,,,,,,,,,49.264007568359,-122.93690490723,-1,
R_1Q3KvstPQ9EKywQ,Default Response Set,Anonymous,,,142.58.41.232,0,2017-01-27 13:00:56,2017-01-27 13:12:49,0,5,,,,,,,,,,,,,,,,,,,,,,,,,,,,,,,,,,,,,,,,,,,,,,,,,,,,,,,,,,,,,,,,,,,,,,,,,,,,,,,,,,,,,,,,,,,,,,,,,,,,,,,,,,,,,,,,,,,,,,,,,,,,,,,,,,,,,,,,,,,,,,,,,,,,,,,,,,,,,,,,,,,,,,,,,,,,,,,,,,,,-1,
R_3CVszNmPFgJ93Mt,Default Response Set,Anonymous,,,142.58.41.202,0,2017-02-09 09:40:12,2017-02-09 10:30:27,1,15,1,59,1,1,1,2,4,3,3,4,4,5,4,4,4,1,3,2,5,3,7,3,1,5,2,4,3,2,2,1,5,3,4,4,2,5,1,4,3,4,2,4,,5,2,2,7,7,7,6,4,1,4,3,4,4,3,4,3,5,4,1,5,3,4,5,4,2,1,3,5,1,2,4,5,4,5,4,4,3,2,19,Indian,undelared ,,2,2,2,,,,,,,,,,,,,,,,,,,,,,,,,,,,,,,,,,,,,,,,,,,,,,,,,,,,,,,,,,,,,,,,,,,,,,,,,,,,,,,,,,,,,,,,,,49.264007568359,-122.93690490723,-1,
R_3FJnmHzDcUPxHVW,Default Response Set,Anonymous,,,142.58.41.202,0,2017-02-09 10:31:14,2017-02-09 10:52:03,1,16,1,60,1,2,2,3,2,2,2,3,3,3,2,2,2,1,5,6,4,3,5,3,3,4,4,4,3,4,3,3,3,3,4,4,3,3,5,5,3,5,2,3,4,4,5,5,5,5,5,5,5,3,3,3,5,3,3,2,2,4,2,3,3,4,4,4,4,3,3,2,2,2,4,4,4,3,2,4,2,4,2,18,Chinese,Behavioural Neuroscience,12,3,2,3,1,,,,,,,,,,,,,,,,,,,,,,,,,,,,,,,,,,,,,,,,,,,,,,,,,,,,,,,,,,,,,,,,,,,,,,,,,,,,,,,,,,,,,,,,,49.264007568359,-122.93690490723,-1,
R_2PAsmRVRrzVGQ9t,Default Response Set,Anonymous,,,142.58.41.202,0,2017-02-09 10:52:55,2017-02-09 11:42:49,1,17,1,100,1,2,2,2,2,2,2,3,3,3,3,3,3,1,5,6,3,4,4,3,3,3,2,4,4,4,3,3,5,3,3,5,2,4,4,3,5,6,4,5,4,4,5,6,6,7,7,7,4,2,2,3,4,4,4,4,4,5,2,2,3,4,5,3,4,4,1,3,4,1,3,5,5,5,3,3,4,4,2,18,Caucasian,Psychology,5,8,8,8,2,,,,,,,,,,,,,,,,,,,,,,,,,,,,,,,,,,,,,,,,,,,,,,,,,,,,,,,,,,,,,,,,,,,,,,,,,,,,,,,,,,,,,,,,,49.264007568359,-122.93690490723,-1,
R_RaCflIZQ5V0y4hj,Default Response Set,Anonymous,,,142.58.41.202,0,2017-02-09 11:44:18,2017-02-09 12:22:57,1,18,1,29,1,2,2,4,2,1,1,2,2,1,3,3,3,1,7,6,7,5,7,6,5,5,2,5,3,4,4,1,3,6,3,1,4,5,4,6,3,6,1,1,2,7,7,3,6,6,5,7,6,1,1,1,6,4,4,2,2,3,2,1,4,2,2,,4,1,1,1,2,1,,,2,5,2,3,3,4,2,22,han,psychology,15,4,4,4,2,,,,,,,,,,,,,,,,,,,,,,,,,,,,,,,,,,,,,,,,,,,,,,,,,,,,,,,,,,,,,,,,,,,,,,,,,,,,,,,,,,,,,,,,,49.264007568359,-122.93690490723,-1,
R_yjxXsgqmlhnd68x,Default Response Set,Anonymous,,,142.58.41.202,0,2017-02-09 12:25:53,2017-02-09 12:54:43,1,19,1,40,1,2,2,2,2,5,5,3,4,4,5,5,5,1,7,4,1,7,5,1,1,1,1,5,1,1,1,1,1,4,4,1,2,1,4,1,4,3,1,2,4,2,5,1,5,7,7,6,4,1,5,5,4,4,3,3,2,5,1,1,2,5,5,4,5,2,1,1,1,1,3,5,5,5,3,5,3,5,1,21,Asian,"Linguistics Major, Psychology Minor",2,8,8,8,4,,,,,,,,,,,,,,,,,,,,,,,,,,,,,,,,,,,,,,,,,,,,,,,,,,,,,,,,,,,,,,,,,,,,,,,,,,,,,,,,,,,,,,,,,49.264007568359,-122.93690490723,-1,
R_2OUvkUWSGipsUHG,Default Response Set,Anonymous,,,142.58.41.202,0,2017-02-09 14:33:34,2017-02-09 14:43:43,1,20,1,85,1,2,2,2,2,3,3,3,4,3,3,3,3,1,4,5,3,5,5,3,3,2,3,6,1,2,4,2,3,4,6,3,4,2,4,5,2,5,1,3,4,1,6,1,5,4,5,5,4,2,3,3,4,3,3,3,3,4,2,2,3,3,4,3,4,3,2,2,4,2,2,3,4,4,3,3,3,4,2,18,Asian,First Year -- N/A,5,4,4,8,4,,,,,,,,,,,,,,,,,,,,,,,,,,,,,,,,,,,,,,,,,,,,,,,,,,,,,,,,,,,,,,,,,,,,,,,,,,,,,,,,,,,,,,,,,49.264007568359,-122.93690490723,-1,
R_3irlDymELR39NSx,Default Response Set,Anonymous,,,142.58.41.202,0,2017-02-09 15:12:56,2017-02-09 15:19:49,1,21,1,75,1,3,3,4,4,3,3,3,4,4,3,4,4,1,5,5,4,5,4,5,4,2,4,4,5,4,2,4,5,5,4,4,4,,5,4,3,5,4,6,4,4,5,4,4,5,7,6,5,3,2,2,4,4,3,4,3,4,1,1,2,5,1,3,3,3,2,3,2,1,3,3,2,2,1,5,2,5,1,18,chinese,criminology,10,2,3,3,1,,,,,,,,,,,,,,,,,,,,,,,,,,,,,,,,,,,,,,,,,,,,,,,,,,,,,,,,,,,,,,,,,,,,,,,,,,,,,,,,,,,,,,,,,49.264007568359,-122.93690490723,-1,
R_PG0xFf5V9Rlzyil,Default Response Set,Anonymous,,,142.58.41.202,0,2017-02-10 11:50:14,2017-02-10 12:28:17,1,22,1,60,1,3,2,4,4,4,3,2,4,3,3,4,3,1,2,3,5,2,5,2,3,6,3,3,5,2,2,2,5,3,2,3,2,2,5,3,2,5,2,3,6,5,3,2,3,5,6,5,3,2,1,1,6,4,3,3,2,2,1,5,3,5,4,1,4,4,5,1,2,2,4,1,5,1,1,4,1,3,2,19,Asian,Communications,,2,3,3,4,,,,,,,,,,,,,,,,,,,,,,,,,,,,,,,,,,,,,,,,,,,,,,,,,,,,,,,,,,,,,,,,,,,,,,,,,,,,,,,,,,,,,,,,,49.264007568359,-122.93690490723,-1,
R_2YMlorMT6lDETvr,Default Response Set,Anonymous,,,142.58.41.202,0,2017-02-10 12:30:44,2017-02-10 12:50:50,1,23,1,20,1,1,1,3,1,2,2,3,4,3,4,4,4,1,4,4,3,2,5,3,2,3,1,6,2,4,2,1,6,3,6,4,2,2,3,2,1,3,2,2,4,2,3,1,6,6,7,6,4,2,1,1,5,1,3,3,2,4,1,1,3,4,5,4,5,4,1,2,4,1,3,5,5,4,1,4,2,5,2,21,cauasian,kinesiology,8,2,2,3,1,,,,,,,,,,,,,,,,,,,,,,,,,,,,,,,,,,,,,,,,,,,,,,,,,,,,,,,,,,,,,,,,,,,,,,,,,,,,,,,,,,,,,,,,,49.264007568359,-122.93690490723,-1,
R_31S3d7GQhk1gVVf,Default Response Set,Anonymous,,,142.58.41.202,0,2017-02-10 12:53:14,2017-02-10 13:19:07,1,24,1,45,1,2,2,4,2,3,3,4,4,5,4,4,4,1,6,4,5,1,5,3,5,5,1,3,4,4,3,4,6,4,3,5,1,4,5,4,1,6,4,2,5,4,5,2,7,7,7,7,2,1,1,1,7,4,4,4,4,5,3,1,2,5,5,3,4,3,1,4,2,1,2,5,4,5,1,5,1,4,2,20,Persian,Environmental Science,1,8,8,8,1,,,,,,,,,,,,,,,,,,,,,,,,,,,,,,,,,,,,,,,,,,,,,,,,,,,,,,,,,,,,,,,,,,,,,,,,,,,,,,,,,,,,,,,,,49.264007568359,-122.93690490723,-1,
R_10vHSNMTXxK7P1e,Default Response Set,Anonymous,,,142.58.41.202,0,2017-02-10 13:21:46,2017-02-10 13:43:13,1,25,1,80,1,2,3,5,3,3,4,4,4,5,5,5,5,1,6,4,6,3,5,5,3,6,3,5,4,3,3,4,5,3,3,5,4,5,5,3,3,5,3,3,5,5,5,3,6,6,7,6,3,2,2,2,6,4,4,4,4,5,2,2,4,4,3,4,5,2,2,2,3,2,4,4,5,5,2,5,3,4,1,24,South Asian,Business,13,3,3,3,1,,,,,,,,,,,,,,,,,,,,,,,,,,,,,,,,,,,,,,,,,,,,,,,,,,,,,,,,,,,,,,,,,,,,,,,,,,,,,,,,,,,,,,,,,49.264007568359,-122.93690490723,-1,
R_bwLRbH2dY1yXGoN,Default Response Set,Anonymous,,,142.58.41.202,0,2017-02-10 13:44:35,2017-02-10 14:15:05,1,26,1,68,1,2,2,4,4,5,4,5,5,5,3,4,4,1,4,6,5,2,7,5,4,5,1,3,4,5,3,2,1,5,4,5,2,7,5,4,1,3,1,1,3,4,5,1,5,7,7,7,1,1,3,5,6,4,3,3,3,5,1,2,3,5,5,3,5,3,1,4,1,1,4,5,5,5,1,5,5,5,2,18,indian,psychology,8,8,8,8,1,,,,,,,,,,,,,,,,,,,,,,,,,,,,,,,,,,,,,,,,,,,,,,,,,,,,,,,,,,,,,,,,,,,,,,,,,,,,,,,,,,,,,,,,,49.264007568359,-122.93690490723,-1,
R_RWuSIE7dgfLNXCF,Default Response Set,Anonymous,,,142.58.41.202,0,2017-02-10 14:18:05,2017-02-10 15:16:48,1,27,1,32,1,2,1,2,1,3,5,3,4,5,4,4,4,1,7,6,5,2,5,5,3,6,1,6,4,4,1,1,6,3,5,5,2,3,6,5,1,2,3,1,4,5,5,1,7,7,6,6,2,1,2,1,6,4,3,3,3,5,1,2,2,4,2,4,5,4,2,3,1,2,4,4,5,3,1,3,2,4,1,26,Caucasian Canadian,Psychology,2,1,1,2,1,,,,,,,,,,,,,,,,,,,,,,,,,,,,,,,,,,,,,,,,,,,,,,,,,,,,,,,,,,,,,,,,,,,,,,,,,,,,,,,,,,,,,,,,,49.264007568359,-122.93690490723,-1,
R_2VPdF39KcKgZeg4,Default Response Set,Anonymous,,,142.58.41.202,0,2017-02-10 15:19:17,2017-02-10 15:51:39,1,28,1,50,1,2,2,2,1,3,2,3,4,4,3,3,3,1,4,3,5,3,5,3,3,4,4,5,4,4,2,4,6,4,3,5,3,3,6,2,4,5,2,3,4,5,4,5,4,5,6,5,4,3,2,2,5,3,3,3,3,4,1,1,5,4,2,3,3,3,3,4,2,2,4,4,3,2,2,2,3,3,2,18,,criminology,10,8,8,8,1,,,,,,,,,,,,,,,,,,,,,,,,,,,,,,,,,,,,,,,,,,,,,,,,,,,,,,,,,,,,,,,,,,,,,,,,,,,,,,,,,,,,,,,,,49.264007568359,-122.93690490723,-1,
R_Y2ZtftwNxDLp3tT,Default Response Set,Anonymous,,,142.58.41.202,0,2017-02-23 09:33:25,2017-02-23 10:43:01,1,29,1,30,1,2,2,3,1,5,5,4,5,5,4,3,4,1,7,6,2,3,6,3,2,3,2,6,2,2,1,1,7,3,2,3,1,2,4,2,2,2,2,2,5,2,5,1,6,6,6,6,2,2,2,2,6,4,4,3,4,5,1,2,5,5,5,3,5,4,1,2,4,1,3,4,5,5,1,4,2,4,2,19,Chinese,Psychology,5,8,8,8,4,,,,,,,,,,,,,,,,,,,,,,,,,,,,,,,,,,,,,,,,,,,,,,,,,,,,,,,,,,,,,,,,,,,,,,,,,,,,,,,,,,,,,,,,,49.264007568359,-122.93690490723,-1,
R_3OdZzI9aQGLCOma,Default Response Set,Anonymous,,,142.58.41.202,0,2017-02-23 10:45:52,2017-02-23 11:19:21,1,30,1,50,1,2,2,4,3,1,2,3,5,4,3,3,3,1,5,4,6,2,4,2,3,6,2,5,5,4,3,4,3,2,4,5,2,6,5,5,2,5,5,5,5,5,5,2,6,6,6,6,3,1,1,1,5,4,3,4,3,5,2,4,2,5,5,1,4,4,2,1,2,1,4,4,5,4,2,4,1,4,2,20,Ukrainian/French Canadian,BSc Health Science,8,3,3,4,1,,,,,,,,,,,,,,,,,,,,,,,,,,,,,,,,,,,,,,,,,,,,,,,,,,,,,,,,,,,,,,,,,,,,,,,,,,,,,,,,,,,,,,,,,49.264007568359,-122.93690490723,-1,
R_1Iv0YFVdXEo3wD4,Default Response Set,Anonymous,,,142.58.41.202,0,2017-02-23 11:23:02,2017-02-23 12:11:05,1,31,1,60,1,2,2,4,4,4,3,3,3,2,4,2,4,1,6,5,5,3,5,6,5,2,3,5,5,3,2,3,5,5,6,5,3,2,6,3,3,6,2,5,3,3,5,5,5,3,3,3,5,3,5,5,3,3,2,3,2,4,2,2,4,2,4,4,4,4,2,4,4,2,4,4,4,3,2,2,2,2,1,20,Asian,Criminology,4,3,2,6,1,,,,,,,,,,,,,,,,,,,,,,,,,,,,,,,,,,,,,,,,,,,,,,,,,,,,,,,,,,,,,,,,,,,,,,,,,,,,,,,,,,,,,,,,,49.264007568359,-122.93690490723,-1,
R_2U0hbFNDvLn1mPQ,Default Response Set,Anonymous,,,142.58.41.232,0,2017-02-23 12:42:01,2017-02-23 12:52:31,1,32,1,50,1,3,3,4,2,2,2,4,4,4,3,3,3,1,4,6,3,3,4,4,4,3,4,6,4,3,4,2,5,4,6,4,3,5,5,5,5,4,3,3,5,4,5,2,5,6,6,6,3,2,2,2,6,3,3,3,3,5,2,2,2,4,4,4,4,2,3,2,4,2,2,4,4,4,3,3,2,4,2,18,Filipino,Psychology,3,2,2,2,1,,,,,,,,,,,,,,,,,,,,,,,,,,,,,,,,,,,,,,,,,,,,,,,,,,,,,,,,,,,,,,,,,,,,,,,,,,,,,,,,,,,,,,,,,49.264007568359,-122.93690490723,-1,
R_2X7p82IRfEc7yEX,Default Response Set,Anonymous,,,142.58.41.232,0,2017-02-23 12:58:28,2017-02-23 14:06:23,1,33,1,50,1,1,2,3,2,4,4,3,4,4,4,4,4,1,6,5,4,4,5,6,4,2,2,4,3,3,4,2,5,4,5,3,3,3,5,2,3,5,2,5,6,4,5,3,4,5,5,5,4,3,3,3,5,3,2,3,2,4,3,2,2,5,4,4,5,3,3,2,4,2,4,3,4,4,2,4,2,3,2,18,Korean,Criminology,,8,8,8,,,,,,,,,,,,,,,,,,,,,,,,,,,,,,,,,,,,,,,,,,,,,,,,,,,,,,,,,,,,,,,,,,,,,,,,,,,,,,,,,,,,,,,,,,49.264007568359,-122.93690490723,-1,
R_5hAWwEdA4LuAPUl,Default Response Set,Anonymous,,,142.58.41.232,0,2017-02-23 14:09:48,2017-02-23 15:18:19,1,34,1,50,1,2,2,1,1,4,3,1,2,2,3,3,3,1,6,4,2,2,5,2,3,5,3,4,4,2,4,2,4,6,5,2,4,3,3,2,4,5,2,2,4,2,3,2,5,5,6,6,4,2,2,2,4,4,4,3,2,1,1,2,1,4,2,1,1,5,4,2,1,3,5,3,5,1,1,5,1,5,2,20,Asian,business,15,3,5,5,4,,,,,,,,,,,,,,,,,,,,,,,,,,,,,,,,,,,,,,,,,,,,,,,,,,,,,,,,,,,,,,,,,,,,,,,,,,,,,,,,,,,,,,,,,49.264007568359,-122.93690490723,-1,
R_2QGSGuemMmlnj5P,Default Response Set,Anonymous,,,142.58.41.202,0,2017-02-23 15:21:38,2017-02-23 15:35:57,1,35,1,81,1,2,3,4,2,4,4,5,4,5,3,3,3,1,5,4,6,2,4,2,5,4,3,6,4,5,3,3,3,4,6,5,5,5,3,6,3,5,5,2,5,4,5,3,5,5,6,5,3,2,4,2,5,3,4,3,2,4,2,3,4,3,4,5,4,3,2,2,4,3,3,4,4,2,3,3,3,3,2,19,Caucasian,English,6,4,3,5,1,,,,,,,,,,,,,,,,,,,,,,,,,,,,,,,,,,,,,,,,,,,,,,,,,,,,,,,,,,,,,,,,,,,,,,,,,,,,,,,,,,,,,,,,,49.264007568359,-122.93690490723,-1,
R_2P5aX0V1G0hBgaq,Default Response Set,Anonymous,,,142.58.41.202,0,2017-02-24 10:41:32,2017-02-24 12:16:50,1,36,1,75,1,3,2,3,2,4,3,3,4,3,3,3,3,1,6,5,4,4,5,3,4,4,3,4,4,3,2,3,4,3,4,4,3,4,5,6,4,6,3,4,4,5,6,4,6,6,6,6,4,2,3,2,6,3,3,3,3,3,3,2,4,4,4,4,4,3,2,3,4,2,3,4,4,5,3,4,4,4,2,23,Asian,Health Sciences,15,2,,2,1,,,,,,,,,,,,,,,,,,,,,,,,,,,,,,,,,,,,,,,,,,,,,,,,,,,,,,,,,,,,,,,,,,,,,,,,,,,,,,,,,,,,,,,,,49.264007568359,-122.93690490723,-1,
R_1ir2BTwR1BoBRHW,Default Response Set,Anonymous,,,142.58.41.202,0,2017-02-24 12:19:23,2017-02-24 12:50:19,1,37,1,70,1,3,3,5,2,2,3,4,3,4,3,2,3,1,5,4,5,2,4,3,3,5,4,5,6,6,3,5,6,4,2,6,3,6,5,5,4,5,5,2,2,5,5,4,5,4,4,3,5,2,3,3,4,3,3,3,2,2,2,4,3,3,4,4,3,4,4,4,3,3,4,3,2,2,2,3,2,4,2,19,asian,criminology,6,8,8,8,3,,,,,,,,,,,,,,,,,,,,,,,,,,,,,,,,,,,,,,,,,,,,,,,,,,,,,,,,,,,,,,,,,,,,,,,,,,,,,,,,,,,,,,,,,49.264007568359,-122.93690490723,-1,
R_yDwQz65NaM5R2Uh,Default Response Set,Anonymous,,,142.58.41.202,0,2017-02-24 12:53:20,2017-02-24 13:19:28,1,38,1,40,1,2,1,2,1,3,3,4,4,5,3,4,3,1,4,7,4,2,5,2,3,5,1,6,4,6,1,1,5,2,2,5,6,1,4,4,2,5,1,1,2,3,5,1,5,6,6,7,1,1,1,1,7,4,3,3,3,5,2,4,5,4,3,4,2,4,2,4,5,2,4,4,4,5,2,5,2,5,2,19,caucasion,Cognitive Science,8,9,7,1,4,,,,,,,,,,,,,,,,,,,,,,,,,,,,,,,,,,,,,,,,,,,,,,,,,,,,,,,,,,,,,,,,,,,,,,,,,,,,,,,,,,,,,,,,,49.264007568359,-122.93690490723,-1,
R_3fMFrMlz5i1PiTA,Default Response Set,Anonymous,,,142.58.41.202,0,2017-02-24 13:21:24,2017-02-24 13:51:02,1,39,1,61,1,3,1,3,3,3,2,3,2,4,4,2,2,1,5,4,4,6,3,5,4,1,3,5,2,3,4,3,3,4,4,3,3,4,4,3,2,2,2,4,3,3,5,1,6,5,7,6,4,3,3,3,5,4,3,4,2,4,3,3,3,2,4,3,2,3,3,2,2,2,4,3,3,3,2,2,2,3,1,20,Muslim,Criminology ,6,8,8,8,1,,,,,,,,,,,,,,,,,,,,,,,,,,,,,,,,,,,,,,,,,,,,,,,,,,,,,,,,,,,,,,,,,,,,,,,,,,,,,,,,,,,,,,,,,49.264007568359,-122.93690490723,-1,
R_12lNjTF6saK9cz7,Default Response Set,Anonymous,,,142.58.41.202,0,2017-02-24 13:52:40,2017-02-24 14:12:23,1,40,1,95,1,1,1,2,1,4,3,4,5,4,3,4,4,1,7,6,4,5,4,5,2,5,2,7,2,4,3,1,1,2,4,5,2,5,6,2,1,4,3,1,5,2,5,1,7,7,7,7,1,1,1,1,7,4,4,3,2,4,1,1,5,4,5,4,4,5,2,2,5,1,4,3,4,4,2,3,2,5,2,19,Sikh,Health Science,7,8,8,8,1,,,,,,,,,,,,,,,,,,,,,,,,,,,,,,,,,,,,,,,,,,,,,,,,,,,,,,,,,,,,,,,,,,,,,,,,,,,,,,,,,,,,,,,,,49.264007568359,-122.93690490723,-1,
R_vH8lmgeFotzzKnf,Default Response Set,Anonymous,,,142.58.41.202,0,2017-03-02 09:53:07,2017-03-02 10:46:36,1,41,1,30,1,3,4,4,3,4,5,5,5,2,5,3,5,1,5,5,4,4,6,5,2,7,6,5,3,4,1,4,7,4,4,5,2,5,4,5,1,5,5,5,4,5,5,3,6,7,7,7,5,3,4,4,7,4,4,4,4,5,3,1,3,4,5,5,5,3,1,5,5,3,5,5,5,5,3,4,5,5,2,18,Filipino,Business,5,2,2,2,1,,,,,,,,,,,,,,,,,,,,,,,,,,,,,,,,,,,,,,,,,,,,,,,,,,,,,,,,,,,,,,,,,,,,,,,,,,,,,,,,,,,,,,,,,49.264007568359,-122.93690490723,-1,
R_3D1LgJLn07LpRz4,Default Response Set,Anonymous,,,142.58.41.202,0,2017-03-02 10:48:27,2017-03-02 11:25:34,1,42,1,52,1,2,2,2,2,2,2,,3,,3,3,3,1,2,7,4,5,5,7,5,3,2,,4,2,,2,4,4,5,4,5,2,4,3,2,3,4,4,4,4,4,3,,4,5,5,4,3,3,3,4,4,4,3,3,5,2,3,4,5,4,4,3,2,2,4,3,1,3,4,4,3,3,2,3,4,2,18,south asain,criminology,8,2,2,2,1,,,,,,,,,,,,,,,,,,,,,,,,,,,,,,,,,,,,,,,,,,,,,,,,,,,,,,,,,,,,,,,,,,,,,,,,,,,,,,,,,,,,,,,,,49.264007568359,-122.93690490723,-1,
R_AO7xHKS6PFC05pL,Default Response Set,Anonymous,,,142.58.41.202,0,2017-03-02 11:26:26,2017-03-02 11:45:03,1,43,1,61,1,2,1,2,2,3,3,2,3,4,3,3,4,1,5,6,4,2,5,4,5,5,2,6,3,4,3,2,6,3,5,5,5,3,5,2,2,3,3,3,4,3,5,1,5,6,6,5,3,1,1,1,5,4,3,3,2,4,2,3,2,4,4,2,3,5,3,4,2,2,4,2,4,2,2,4,2,3,2,19,White,Behavioural Neuroscience,10,2,2,3,1,,,,,,,,,,,,,,,,,,,,,,,,,,,,,,,,,,,,,,,,,,,,,,,,,,,,,,,,,,,,,,,,,,,,,,,,,,,,,,,,,,,,,,,,,49.264007568359,-122.93690490723,-1,
R_xxyFibiNfyEC8g1,Default Response Set,Anonymous,,,142.58.41.202,0,2017-03-02 11:46:32,2017-03-02 12:18:48,1,44,1,82,1,3,3,4,5,4,4,4,3,5,4,3,3,1,4,6,2,3,5,1,1,4,3,5,1,1,2,2,3,3,5,4,3,2,4,2,4,6,2,6,6,5,7,4,6,4,7,6,4,1,2,2,4,4,4,3,2,5,3,1,3,4,5,4,3,2,2,2,5,2,4,3,5,4,2,3,3,2,2,18,Chinese,Criminology,12,8,8,8,1,,,,,,,,,,,,,,,,,,,,,,,,,,,,,,,,,,,,,,,,,,,,,,,,,,,,,,,,,,,,,,,,,,,,,,,,,,,,,,,,,,,,,,,,,49.264007568359,-122.93690490723,-1,
R_1CxWFMxkPIgUAjl,Default Response Set,Anonymous,,,142.58.41.202,0,2017-03-02 12:28:47,2017-03-02 12:45:07,1,45,1,92,1,2,3,4,4,4,3,4,4,4,4,4,4,1,6,2,6,2,5,5,3,6,2,6,3,2,2,3,6,2,3,5,3,6,5,5,3,5,5,2,6,5,5,2,6,5,7,7,2,1,1,1,6,4,4,3,4,5,1,1,4,5,5,4,5,2,1,1,4,1,4,5,5,5,2,4,2,5,2,20,East Indian,Health Sciences ,11,3,2,2,1,,,,,,,,,,,,,,,,,,,,,,,,,,,,,,,,,,,,,,,,,,,,,,,,,,,,,,,,,,,,,,,,,,,,,,,,,,,,,,,,,,,,,,,,,49.264007568359,-122.93690490723,-1,
R_2rTS1bue4S7FrTB,Default Response Set,Anonymous,,,142.58.41.202,0,2017-03-02 14:19:24,2017-03-02 14:26:14,1,47,1,40,1,1,1,2,1,4,5,4,5,5,5,5,5,1,6,7,3,1,6,2,2,4,1,6,5,4,1,1,6,2,4,5,2,4,6,2,1,2,2,1,4,2,3,1,7,7,7,7,2,1,2,2,6,4,4,3,3,5,1,1,4,4,4,4,4,2,1,2,4,1,3,4,4,4,4,4,3,4,2,18,Indian,Criminology,9,1,1,2,1,,,,,,,,,,,,,,,,,,,,,,,,,,,,,,,,,,,,,,,,,,,,,,,,,,,,,,,,,,,,,,,,,,,,,,,,,,,,,,,,,,,,,,,,,49.264007568359,-122.93690490723,-1,
R_3HLxlxUkxHGU28M,Default Response Set,Anonymous,,,142.58.41.202,0,2017-03-02 14:51:25,2017-03-02 15:02:23,1,48,1,40,1,2,3,1,2,3,4,5,5,5,4,3,4,1,6,5,5,3,4,2,4,3,3,5,3,4,1,2,5,4,1,2,3,3,5,4,5,4,3,1,4,3,5,2,6,7,6,7,1,1,2,2,6,4,4,3,3,4,2,3,5,4,4,4,5,1,2,1,5,2,3,4,5,4,3,4,3,4,1,23,Caucasian,Kinesiology,2,2,3,1,2,,,,,,,,,,,,,,,,,,,,,,,,,,,,,,,,,,,,,,,,,,,,,,,,,,,,,,,,,,,,,,,,,,,,,,,,,,,,,,,,,,,,,,,,,49.264007568359,-122.93690490723,-1,
R_1GJ1vxjfg3mMFT3,Default Response Set,Anonymous,,,142.58.41.202,0,2017-03-02 15:17:01,2017-03-02 15:25:07,1,49,1,72,1,2,1,3,1,5,,5,5,5,5,4,4,1,7,6,6,5,5,7,3,6,1,6,5,3,5,3,6,2,4,2,1,2,6,3,3,6,5,6,6,5,7,1,7,7,7,7,6,3,1,6,6,4,4,4,4,5,4,1,4,5,5,5,4,2,2,2,5,1,5,5,5,5,5,5,5,5,2,18,south asian ,criminology,1,1,1,1,1,,,,,,,,,,,,,,,,,,,,,,,,,,,,,,,,,,,,,,,,,,,,,,,,,,,,,,,,,,,,,,,,,,,,,,,,,,,,,,,,,,,,,,,,,49.264007568359,-122.93690490723,-1,
R_1ezYut8ucwCLBMD,Default Response Set,Anonymous,,,142.58.41.202,0,2017-03-03 10:41:28,2017-03-03 11:19:40,1,50,1,75,1,2,2,2,2,3,3,4,3,3,4,3,3,1,5,4,3,3,5,3,3,4,3,5,3,2,3,4,4,4,3,3,3,3,5,4,2,4,4,5,4,5,3,4,5,6,6,4,4,3,4,4,4,3,3,3,3,,3,2,3,4,3,3,4,3,2,2,3,1,,3,4,4,2,3,2,3,2,19,English ,Kinesiology ,2,3,2,3,1,,,,,,,,,,,,,,,,,,,,,,,,,,,,,,,,,,,,,,,,,,,,,,,,,,,,,,,,,,,,,,,,,,,,,,,,,,,,,,,,,,,,,,,,,49.264007568359,-122.93690490723,-1,
R_1CqhJD8g5JFIQN7,Default Response Set,Anonymous,,,142.58.41.202,0,2017-03-03 11:22:59,2017-03-03 12:20:49,1,51,1,50,1,3,4,4,4,4,4,3,5,4,5,4,5,1,5,4,5,4,4,5,3,4,5,6,5,3,4,2,6,2,4,4,2,4,5,4,4,5,3,2,6,4,6,4,5,6,6,6,4,2,3,3,4,4,3,3,2,4,4,3,3,4,4,5,4,4,3,3,4,2,3,4,4,3,2,2,2,4,2,18,Chinese,Criminology,12,6,6,5,1,,,,,,,,,,,,,,,,,,,,,,,,,,,,,,,,,,,,,,,,,,,,,,,,,,,,,,,,,,,,,,,,,,,,,,,,,,,,,,,,,,,,,,,,,49.264007568359,-122.93690490723,-1,
R_2w16flfOpZYseoK,Default Response Set,Anonymous,,,142.58.41.202,0,2017-03-03 12:22:17,2017-03-03 12:50:43,1,52,1,65,1,2,2,2,1,4,3,4,4,5,3,2,3,1,6,3,6,2,3,7,3,4,3,5,5,4,3,2,2,6,3,5,4,3,6,2,1,3,5,2,4,5,6,3,6,5,6,5,4,2,2,2,4,3,3,3,3,3,1,2,1,4,4,2,5,4,2,2,3,2,4,4,5,4,1,4,2,4,1,18,caucasian,"history or psyc, not sure",12,4,4,4,1,,,,,,,,,,,,,,,,,,,,,,,,,,,,,,,,,,,,,,,,,,,,,,,,,,,,,,,,,,,,,,,,,,,,,,,,,,,,,,,,,,,,,,,,,49.264007568359,-122.93690490723,-1,
R_3kyNsHfWvryFID2,Default Response Set,Anonymous,,,142.58.41.202,0,2017-03-03 12:52:58,2017-03-03 13:34:53,1,53,1,51,1,3,2,2,2,4,2,1,1,1,3,1,3,1,6,3,1,2,4,3,2,1,4,6,2,1,1,1,6,5,3,2,3,3,4,5,4,4,2,2,6,3,4,3,4,2,6,5,4,2,2,2,4,4,2,3,3,3,2,3,2,4,4,5,5,4,3,4,2,3,4,2,3,2,1,5,4,5,2,23,Chinese,Econ,9,4,3,4,4,,,,,,,,,,,,,,,,,,,,,,,,,,,,,,,,,,,,,,,,,,,,,,,,,,,,,,,,,,,,,,,,,,,,,,,,,,,,,,,,,,,,,,,,,49.264007568359,-122.93690490723,-1,
R_3OoWEAZiiy1tUP4,Default Response Set,Anonymous,,,142.58.41.202,0,2017-03-03 13:37:27,2017-03-03 14:15:53,1,54,1,83,1,1,1,2,1,3,2,3,4,4,4,3,3,1,6,6,2,4,5,3,5,3,1,6,4,5,1,2,5,4,5,5,2,5,5,3,2,5,5,2,4,4,5,1,5,6,7,6,3,1,3,5,6,3,4,3,3,4,3,2,4,4,4,4,5,3,4,5,4,1,4,4,5,5,2,2,2,4,1,19,Caucasian,Environmental Science,4,2,1,4,1,,,,,,,,,,,,,,,,,,,,,,,,,,,,,,,,,,,,,,,,,,,,,,,,,,,,,,,,,,,,,,,,,,,,,,,,,,,,,,,,,,,,,,,,,49.264007568359,-122.93690490723,-1,
R_33ea0bIdaEnlRDJ,Default Response Set,Anonymous,,,142.58.41.202,0,2017-03-03 14:17:23,2017-03-03 14:50:10,1,55,1,40,1,4,3,4,3,3,3,3,3,3,3,3,3,1,6,4,4,5,5,4,4,4,2,5,4,4,5,3,4,4,4,4,3,5,5,4,4,3,4,5,4,3,5,3,5,5,5,5,4,3,3,3,4,3,3,2,2,4,2,2,3,4,4,3,4,3,3,2,4,2,3,4,4,4,3,4,3,4,2,21,Chinese,Psychology,7,8,8,8,4,,,,,,,,,,,,,,,,,,,,,,,,,,,,,,,,,,,,,,,,,,,,,,,,,,,,,,,,,,,,,,,,,,,,,,,,,,,,,,,,,,,,,,,,,49.264007568359,-122.93690490723,-1,
R_1g58KRs47Valyn4,Default Response Set,Anonymous,,,142.58.41.202,0,2017-03-03 16:00:33,2017-03-03 16:08:40,1,56,1,80,1,1,1,2,2,4,3,2,3,5,4,4,4,1,5,4,2,5,6,2,2,4,2,6,2,4,3,1,6,4,1,4,3,2,4,2,1,3,1,1,4,1,2,1,5,6,6,5,3,2,4,3,5,4,3,3,2,4,2,4,3,4,4,5,4,4,2,1,4,4,2,5,4,4,2,2,4,2,2,23,Chinese,Business and Communications,5,2,2,2,1,,,,,,,,,,,,,,,,,,,,,,,,,,,,,,,,,,,,,,,,,,,,,,,,,,,,,,,,,,,,,,,,,,,,,,,,,,,,,,,,,,,,,,,,,49.264007568359,-122.93690490723,-1,
R_RtBIJT683vHm8lX,Default Response Set,Anonymous,,,142.58.41.232,0,2017-03-03 16:01:48,2017-03-03 16:28:33,1,57,1,50,1,1,2,5,1,4,5,3,4,5,5,5,5,1,7,7,5,3,5,2,2,7,1,5,1,2,2,1,6,2,6,1,7,3,7,3,4,5,2,1,5,4,4,1,7,7,5,6,4,2,2,2,6,4,4,2,2,5,2,3,4,4,3,4,4,3,4,2,5,3,3,3,4,4,2,4,2,4,2,20,Vietnamese,Linguistics,9,8,8,8,4,,,,,,,,,,,,,,,,,,,,,,,,,,,,,,,,,,,,,,,,,,,,,,,,,,,,,,,,,,,,,,,,,,,,,,,,,,,,,,,,,,,,,,,,,49.264007568359,-122.93690490723,-1,
R_1GUGF55N3myZIDv,Default Response Set,Anonymous,,,142.58.41.202,0,2017-03-03 16:40:36,2017-03-03 16:51:02,1,58,1,89,1,2,1,3,1,5,5,5,5,4,5,3,5,1,7,6,6,2,6,2,1,6,1,6,5,4,1,1,7,1,2,3,1,3,7,3,1,3,3,1,6,5,2,1,6,6,7,6,1,1,1,1,7,4,3,3,4,5,1,1,2,5,5,4,5,2,1,2,3,1,4,5,5,5,1,5,4,5,2,18,Mexican/Salvadorean,Criminology ,11,4,4,3,1,,,,,,,,,,,,,,,,,,,,,,,,,,,,,,,,,,,,,,,,,,,,,,,,,,,,,,,,,,,,,,,,,,,,,,,,,,,,,,,,,,,,,,,,,49.264007568359,-122.93690490723,-1,
R_1PTtSWsX6hYCWDT,Default Response Set,Anonymous,,,142.58.41.202,0,2017-03-03 17:05:51,2017-03-03 17:14:43,1,59,1,44,1,2,2,4,2,3,4,4,3,5,4,4,4,1,7,6,4,3,4,2,3,2,2,6,4,3,2,2,4,4,4,5,4,4,5,4,3,5,3,3,5,4,5,3,5,3,5,4,4,3,3,3,4,4,4,3,3,3,1,3,4,4,3,2,3,4,4,3,3,2,2,4,4,2,4,4,3,4,2,19,Central Asian,Health Science,5,3,3,5,4,,,,,,,,,,,,,,,,,,,,,,,,,,,,,,,,,,,,,,,,,,,,,,,,,,,,,,,,,,,,,,,,,,,,,,,,,,,,,,,,,,,,,,,,,49.264007568359,-122.93690490723,-1,
R_R8lL1T3wyaU9LFL,Default Response Set,Anonymous,,,142.58.41.202,0,2017-03-03 18:19:59,2017-03-03 18:39:00,1,60,1,40,1,1,1,4,1,4,4,5,4,3,4,3,4,1,3,6,5,2,4,1,2,5,2,6,4,4,2,2,3,3,6,5,2,6,3,2,6,2,3,2,2,4,3,2,6,6,6,6,4,2,1,1,6,4,4,4,4,4,2,1,1,4,2,4,4,2,1,2,4,1,4,5,4,5,2,4,4,4,2,20,Chinese,Psychology,10,8,2,4,3,,,,,,,,,,,,,,,,,,,,,,,,,,,,,,,,,,,,,,,,,,,,,,,,,,,,,,,,,,,,,,,,,,,,,,,,,,,,,,,,,,,,,,,,,49.264007568359,-122.93690490723,-1,
R_1eVFleiFmR6N9lI,Default Response Set,Anonymous,,,142.58.41.202,0,2017-03-06 15:49:02,2017-03-06 16:00:34,1,61,1,70,1,1,3,3,4,2,2,2,2,4,3,2,3,1,7,3,2,4,2,2,4,2,2,3,3,5,4,4,5,4,4,3,3,6,5,6,3,6,2,2,3,5,5,5,4,4,4,5,4,3,2,2,2,2,2,2,4,3,1,1,3,3,2,2,4,2,2,2,2,2,3,3,4,4,2,3,3,3,2,21,,psyc,3,6,6,6,2,,,,,,,,,,,,,,,,,,,,,,,,,,,,,,,,,,,,,,,,,,,,,,,,,,,,,,,,,,,,,,,,,,,,,,,,,,,,,,,,,,,,,,,,,49.264007568359,-122.93690490723,-1,
R_BtaE7AtDLVvxYdP,Default Response Set,Anonymous,,,142.58.41.202,0,2017-03-06 16:20:16,2017-03-06 16:32:16,1,62,1,81,1,3,3,5,4,3,3,3,3,4,3,3,4,1,7,6,5,1,4,4,4,4,4,4,4,4,3,5,6,4,1,4,4,6,4,4,4,4,4,4,4,5,4,6,5,4,5,5,4,1,1,1,2,3,2,2,2,1,3,2,2,1,2,2,4,4,3,1,5,2,2,4,5,4,2,2,3,5,1,25,asian,econ,9,5,5,7,2,,,,,,,,,,,,,,,,,,,,,,,,,,,,,,,,,,,,,,,,,,,,,,,,,,,,,,,,,,,,,,,,,,,,,,,,,,,,,,,,,,,,,,,,,49.264007568359,-122.93690490723,-1,
R_3fcReApDJi0QGws,Default Response Set,Anonymous,,,142.58.41.202,0,2017-03-06 16:49:18,2017-03-06 16:59:18,1,63,1,50,1,3,3,3,3,3,3,3,3,3,3,3,3,1,7,7,5,3,5,3,3,4,3,5,4,4,4,4,4,5,4,4,3,4,4,4,1,4,4,5,4,4,4,4,6,6,5,5,3,2,3,2,5,4,4,3,2,2,2,4,3,5,4,3,4,4,3,1,4,2,4,4,4,3,1,2,1,2,1,20,Korean,Computer Science,3,3,4,3,1,,,,,,,,,,,,,,,,,,,,,,,,,,,,,,,,,,,,,,,,,,,,,,,,,,,,,,,,,,,,,,,,,,,,,,,,,,,,,,,,,,,,,,,,,49.264007568359,-122.93690490723,-1,
R_27pNEklo8qZd9Yk,Default Response Set,Anonymous,,,142.58.41.202,0,2017-03-06 17:11:49,2017-03-06 17:19:40,1,64,1,50,1,1,1,2,1,2,2,3,3,3,3,3,3,1,4,4,4,5,5,6,5,4,4,4,4,4,4,4,4,4,4,4,4,4,4,4,4,4,4,4,4,4,4,3,5,4,7,5,5,3,2,2,4,4,3,4,3,5,1,1,3,5,4,2,5,1,1,3,2,1,4,4,4,5,1,4,3,4,2,18,Afghan,Criminology,2,2,2,2,1,,,,,,,,,,,,,,,,,,,,,,,,,,,,,,,,,,,,,,,,,,,,,,,,,,,,,,,,,,,,,,,,,,,,,,,,,,,,,,,,,,,,,,,,,49.264007568359,-122.93690490723,-1,
R_2QtzY4rTfqpWuTb,Default Response Set,Anonymous,,,142.58.41.202,0,2017-03-06 17:44:55,2017-03-06 17:54:30,1,65,1,70,1,1,1,2,2,4,2,2,1,2,2,3,3,1,6,4,3,2,1,3,4,4,6,6,2,4,4,2,3,6,2,2,5,2,2,5,2,5,1,7,4,3,7,2,6,6,6,6,2,2,2,2,5,3,3,2,2,4,1,1,2,5,5,5,5,1,1,2,5,1,3,5,5,5,3,5,4,5,2,18,caucasian,behavioural neuroscience,15,2,1,4,1,,,,,,,,,,,,,,,,,,,,,,,,,,,,,,,,,,,,,,,,,,,,,,,,,,,,,,,,,,,,,,,,,,,,,,,,,,,,,,,,,,,,,,,,,49.264007568359,-122.93690490723,-1,
R_3CJCZfIC7hXquzI,Default Response Set,Anonymous,,,142.58.41.202,0,2017-03-09 09:43:00,2017-03-09 10:26:04,1,67,1,86,1,2,1,3,1,2,3,2,3,3,4,1,3,1,4,6,3,3,5,6,2,5,1,6,2,2,2,2,5,4,2,4,2,4,4,3,2,3,1,3,6,3,6,2,4,5,7,6,4,2,2,2,4,4,3,2,2,4,1,2,2,4,4,2,4,3,3,2,1,1,4,4,4,4,1,2,2,2,2,19,,Criminology,,2,2,2,4,,,,,,,,,,,,,,,,,,,,,,,,,,,,,,,,,,,,,,,,,,,,,,,,,,,,,,,,,,,,,,,,,,,,,,,,,,,,,,,,,,,,,,,,,49.264007568359,-122.93690490723,-1,
R_cH2LxmFWGI0omvT,Default Response Set,Anonymous,,,142.58.41.202,0,2017-03-09 10:29:41,2017-03-09 10:48:11,1,68,1,60,1,2,2,2,1,3,2,2,3,3,2,3,2,1,5,6,3,3,3,4,4,2,1,6,,6,2,2,5,4,5,5,4,2,4,4,5,3,1,3,4,2,5,1,6,5,5,4,3,2,2,3,4,3,2,2,3,4,2,2,2,5,5,4,4,3,1,1,4,1,4,4,4,5,2,3,2,4,1,19,Mixed (eurasian),Undeclared (but probably psychology),15,2,2,2,1,,,,,,,,,,,,,,,,,,,,,,,,,,,,,,,,,,,,,,,,,,,,,,,,,,,,,,,,,,,,,,,,,,,,,,,,,,,,,,,,,,,,,,,,,49.264007568359,-122.93690490723,-1,
R_0JIs6OWeNepoh33,Default Response Set,Anonymous,,,142.58.41.202,0,2017-03-09 10:51:13,2017-03-09 11:14:59,1,69,1,87,1,2,1,2,2,4,3,3,5,4,3,3,3,1,4,4,2,2,3,4,3,3,2,5,2,4,2,2,6,3,4,2,3,2,4,3,3,5,2,5,4,2,5,3,6,5,7,6,3,1,2,2,5,3,4,2,2,4,1,1,4,5,4,2,5,5,3,2,2,2,4,4,5,4,2,4,1,4,1,24,Filipino,Psychology,7,6,3,4,1,,,,,,,,,,,,,,,,,,,,,,,,,,,,,,,,,,,,,,,,,,,,,,,,,,,,,,,,,,,,,,,,,,,,,,,,,,,,,,,,,,,,,,,,,49.264007568359,-122.93690490723,-1,
R_2wRel9TYfnKjswc,Default Response Set,Anonymous,,,142.58.41.202,0,2017-03-09 11:16:52,2017-03-09 12:21:33,1,70,1,60,1,1,1,1,1,5,4,4,5,3,4,4,4,1,3,4,2,3,5,2,2,4,1,4,4,6,2,3,6,4,5,3,2,4,4,2,2,3,4,3,5,3,4,2,6,6,6,6,3,2,2,2,5,4,4,4,4,4,2,1,3,5,4,4,5,3,2,1,4,1,2,4,5,4,3,5,3,5,2,18,Filipino,Psychology,9,8,8,8,4,,,,,,,,,,,,,,,,,,,,,,,,,,,,,,,,,,,,,,,,,,,,,,,,,,,,,,,,,,,,,,,,,,,,,,,,,,,,,,,,,,,,,,,,,49.264007568359,-122.93690490723,-1,
R_VNZbQz5qzGAGjzr,Default Response Set,Anonymous,,,142.58.41.202,0,2017-03-09 12:40:34,2017-03-09 12:48:31,1,71,1,50,1,2,2,2,3,4,3,4,4,5,4,4,4,1,5,5,4,5,3,4,3,4,3,5,5,4,3,4,5,4,3,4,5,4,5,3,4,3,4,3,5,4,4,4,5,6,6,6,5,3,2,2,4,3,3,4,3,4,2,2,3,5,4,4,4,3,2,3,3,2,3,4,5,4,3,4,3,4,2,19,Chinese,Criminology,2,8,8,8,4,,,,,,,,,,,,,,,,,,,,,,,,,,,,,,,,,,,,,,,,,,,,,,,,,,,,,,,,,,,,,,,,,,,,,,,,,,,,,,,,,,,,,,,,,49.264007568359,-122.93690490723,-1,
R_1ml5U24oLRDEh8y,Default Response Set,Anonymous,,,142.58.41.202,0,2017-03-09 13:45:54,2017-03-09 13:57:49,1,72,1,50,1,4,4,3,3,4,4,4,4,3,4,3,4,1,3,6,5,4,3,2,3,5,5,4,2,2,4,2,4,4,6,3,6,5,5,5,5,6,2,3,5,2,5,5,5,5,6,6,4,2,3,6,4,3,2,3,2,4,2,2,3,5,5,5,5,2,3,3,3,2,4,5,5,4,4,4,4,5,2,18,Chinese,Undeclared ,10,5,3,6,2,,,,,,,,,,,,,,,,,,,,,,,,,,,,,,,,,,,,,,,,,,,,,,,,,,,,,,,,,,,,,,,,,,,,,,,,,,,,,,,,,,,,,,,,,49.264007568359,-122.93690490723,-1,
R_2aPr7rbdKPG2EuT,Default Response Set,Anonymous,,,142.58.41.202,0,2017-03-09 14:39:29,2017-03-09 14:47:55,1,73,1,50,1,2,3,3,5,5,4,4,5,5,4,3,4,1,3,3,4,3,4,6,3,1,2,5,1,4,2,4,6,3,4,1,3,4,5,1,4,3,2,5,6,5,7,4,6,5,4,6,6,1,1,1,4,3,4,4,3,4,2,3,3,5,4,3,4,2,2,3,4,2,3,4,5,2,3,3,3,4,2,20,korean,linguistic,4,8,8,4,3,,,,,,,,,,,,,,,,,,,,,,,,,,,,,,,,,,,,,,,,,,,,,,,,,,,,,,,,,,,,,,,,,,,,,,,,,,,,,,,,,,,,,,,,,49.264007568359,-122.93690490723,-1,
R_30f2XjwtqGqYkTW,Default Response Set,Anonymous,,,142.58.41.232,0,2017-03-09 14:58:05,2017-03-09 15:15:09,1,74,1,0,1,1,1,1,1,5,5,5,5,5,5,5,5,1,4,6,4,1,6,1,3,4,1,7,4,6,2,1,7,2,6,4,1,4,3,1,1,1,1,1,6,4,2,1,1,7,7,7,1,1,1,1,7,4,4,4,4,5,1,1,4,5,5,3,5,1,1,5,5,1,3,4,3,4,1,5,,4,2,18,Ghanaian,Psychology,4,1,1,1,4,,,,,,,,,,,,,,,,,,,,,,,,,,,,,,,,,,,,,,,,,,,,,,,,,,,,,,,,,,,,,,,,,,,,,,,,,,,,,,,,,,,,,,,,,49.264007568359,-122.93690490723,-1,
R_AnxiGzNr82b3CZr,Default Response Set,Anonymous,,,142.58.41.202,0,2017-03-09 15:12:34,2017-03-09 15:30:21,1,75,1,50,1,4,5,4,4,3,3,3,3,2,3,4,3,1,5,4,6,3,3,2,6,5,5,4,2,2,3,5,2,6,1,5,6,6,5,2,4,6,5,3,6,5,3,5,6,4,3,3,5,3,5,4,5,3,2,3,2,3,2,2,2,4,3,4,5,5,3,4,4,3,4,3,5,3,1,3,3,4,2,22,Asian,Cognitive Science,1,8,4,5,4,,,,,,,,,,,,,,,,,,,,,,,,,,,,,,,,,,,,,,,,,,,,,,,,,,,,,,,,,,,,,,,,,,,,,,,,,,,,,,,,,,,,,,,,,49.264007568359,-122.93690490723,-1,
R_3kpw7zA8qo7Kzhx,Default Response Set,Anonymous,,,142.58.41.202,0,2017-03-10 10:33:20,2017-03-10 11:22:07,1,76,1,45,1,1,1,4,2,3,3,2,4,4,4,4,4,1,5,6,4,3,4,2,4,4,3,5,2,3,3,5,5,2,3,4,3,5,4,4,4,4,5,2,4,4,5,2,6,6,6,6,5,1,1,1,6,4,3,3,3,4,2,2,2,4,4,3,4,4,3,2,4,3,4,4,3,4,2,3,2,4,2,19,canadian,criminology,15,2,2,2,1,,,,,,,,,,,,,,,,,,,,,,,,,,,,,,,,,,,,,,,,,,,,,,,,,,,,,,,,,,,,,,,,,,,,,,,,,,,,,,,,,,,,,,,,,49.264007568359,-122.93690490723,-1,
R_2SdVz3ZGq5vXdba,Default Response Set,Anonymous,,,142.58.41.202,0,2017-03-10 11:24:13,2017-03-10 11:56:43,1,77,1,45,1,3,3,4,4,3,4,3,3,4,3,3,3,1,6,5,5,2,5,3,3,5,3,5,4,2,1,2,6,5,1,4,3,2,5,3,4,5,4,3,3,5,5,3,5,6,7,7,2,2,2,2,6,3,4,2,3,4,1,2,3,5,5,4,5,3,3,3,1,1,3,4,5,3,3,5,3,4,2,24,white,undeclared,3,2,2,3,1,,,,,,,,,,,,,,,,,,,,,,,,,,,,,,,,,,,,,,,,,,,,,,,,,,,,,,,,,,,,,,,,,,,,,,,,,,,,,,,,,,,,,,,,,49.264007568359,-122.93690490723,-1,
R_1gAZkzlpAs4eAqz,Default Response Set,Anonymous,,,142.58.41.202,0,2017-03-10 12:00:33,2017-03-10 13:26:42,1,78,1,90,1,3,4,5,5,4,5,2,5,5,4,2,5,1,7,3,5,4,2,2,6,3,3,5,4,1,1,5,6,7,3,4,4,3,6,2,4,5,1,5,7,6,5,5,7,7,7,7,3,1,1,3,2,2,3,2,2,4,1,2,2,4,4,4,4,4,4,4,4,3,3,3,3,3,3,3,3,3,1,18,Indian,Cognitive Science ,5,2,3,6,1,,,,,,,,,,,,,,,,,,,,,,,,,,,,,,,,,,,,,,,,,,,,,,,,,,,,,,,,,,,,,,,,,,,,,,,,,,,,,,,,,,,,,,,,,49.264007568359,-122.93690490723,-1,
R_1IlTyYhZEfyWi4r,Default Response Set,Anonymous,,,142.58.41.202,0,2017-03-10 13:28:41,2017-03-10 13:56:28,1,79,1,75,1,2,1,5,1,3,3,4,4,5,4,4,4,1,6,7,6,2,6,2,3,6,2,6,2,2,3,2,6,2,4,5,2,4,5,4,2,4,3,1,4,5,2,2,7,7,7,7,2,1,1,1,7,4,4,3,3,4,4,2,4,5,4,4,4,2,2,2,4,2,3,4,5,5,2,3,2,3,1,20,White,Biomedical Physiology,9,2,2,2,1,,,,,,,,,,,,,,,,,,,,,,,,,,,,,,,,,,,,,,,,,,,,,,,,,,,,,,,,,,,,,,,,,,,,,,,,,,,,,,,,,,,,,,,,,49.264007568359,-122.93690490723,-1,
R_3CIQpDF0npa10IF,Default Response Set,Anonymous,,,142.58.41.202,0,2017-03-10 13:59:30,2017-03-10 14:19:18,1,80,1,53,1,1,1,1,1,5,5,5,5,5,5,5,5,1,5,6,5,2,6,1,1,2,1,7,1,1,1,1,7,2,4,2,1,3,5,1,1,1,1,1,5,1,1,1,7,7,7,7,1,1,1,1,7,4,4,3,4,4,2,1,3,5,5,2,5,4,1,1,4,1,4,4,5,5,2,4,2,5,2,21,Caucasian,Communications,1,2,2,2,1,,,,,,,,,,,,,,,,,,,,,,,,,,,,,,,,,,,,,,,,,,,,,,,,,,,,,,,,,,,,,,,,,,,,,,,,,,,,,,,,,,,,,,,,,49.264007568359,-122.93690490723,-1,
R_OoP1x0e4FEpNECR,Default Response Set,Anonymous,,,142.58.41.202,0,2017-03-10 15:24:16,2017-03-10 16:13:03,1,81,1,50,1,2,2,2,2,4,4,4,5,5,4,4,4,1,6,6,4,2,6,5,3,4,2,5,2,4,1,2,7,2,2,7,4,3,6,3,2,2,1,1,4,5,6,2,6,7,7,7,2,1,1,1,5,3,4,3,4,4,4,1,4,,5,4,5,3,1,1,4,1,2,3,5,3,2,4,2,5,2,18,Polish,Psychology,7,2,2,2,1,,,,,,,,,,,,,,,,,,,,,,,,,,,,,,,,,,,,,,,,,,,,,,,,,,,,,,,,,,,,,,,,,,,,,,,,,,,,,,,,,,,,,,,,,49.264007568359,-122.93690490723,-1,
R_1irPIEPxEg4LFm3,Default Response Set,Anonymous,,,142.58.41.202,0,2017-03-10 16:40:06,2017-03-10 16:49:35,1,82,1,70,1,2,3,4,3,4,4,4,5,5,4,4,4,1,4,5,5,3,4,3,3,1,1,5,1,4,3,3,5,2,3,1,2,1,4,1,4,5,2,3,4,4,4,2,5,5,3,5,4,5,2,3,4,3,3,4,3,3,2,2,2,3,2,2,3,4,4,1,2,2,3,4,1,2,2,1,3,4,1,20,,Physics,1,8,8,8,4,,,,,,,,,,,,,,,,,,,,,,,,,,,,,,,,,,,,,,,,,,,,,,,,,,,,,,,,,,,,,,,,,,,,,,,,,,,,,,,,,,,,,,,,,49.264007568359,-122.93690490723,-1,
R_23WR5dNbJQYcfkQ,Default Response Set,Anonymous,,,142.58.41.202,0,2017-03-10 17:05:45,2017-03-10 17:18:24,1,83,1,25,1,2,1,3,1,5,4,4,3,4,5,3,5,1,7,5,5,1,5,1,4,3,2,5,6,2,2,2,5,4,5,4,4,5,5,3,3,2,2,2,6,1,6,3,7,6,7,6,1,1,2,3,4,4,4,2,2,3,1,3,5,5,5,4,4,1,2,4,4,2,4,2,4,5,4,1,3,5,1,17,Chinese,,5,3,4,2,2,,,,,,,,,,,,,,,,,,,,,,,,,,,,,,,,,,,,,,,,,,,,,,,,,,,,,,,,,,,,,,,,,,,,,,,,,,,,,,,,,,,,,,,,,49.264007568359,-122.93690490723,-1,
R_2102YVNjZLiEBf3,Default Response Set,Anonymous,,,142.58.41.202,0,2017-03-10 17:41:10,2017-03-10 17:52:41,1,84,1,72,1,5,4,5,4,4,4,4,5,3,4,4,4,1,5,3,5,2,5,6,4,5,3,5,3,4,3,4,5,3,3,3,2,3,5,5,5,5,3,3,5,5,5,3,3,3,5,5,3,2,3,3,5,3,3,4,2,4,2,2,4,1,4,4,4,4,2,3,2,2,4,4,4,4,2,4,4,4,2,20,sikh,criminiology,7,3,3,5,2,,,,,,,,,,,,,,,,,,,,,,,,,,,,,,,,,,,,,,,,,,,,,,,,,,,,,,,,,,,,,,,,,,,,,,,,,,,,,,,,,,,,,,,,,49.264007568359,-122.93690490723,-1,
R_3MxpaGMPMtjoKzZ,Default Response Set,Anonymous,,,142.58.41.202,0,2017-03-10 18:11:45,2017-03-10 18:25:59,1,85,1,50,1,4,3,4,3,4,3,3,4,4,4,3,4,1,7,4,5,5,5,3,3,3,3,5,2,2,4,2,4,4,4,3,2,3,6,5,2,4,4,2,3,4,5,2,6,6,6,5,3,3,1,2,5,4,3,3,3,4,2,1,3,5,5,4,5,1,2,1,4,1,5,5,5,5,2,4,4,4,2,18,Vietnamese and German,Psychology,6,2,2,3,1,,,,,,,,,,,,,,,,,,,,,,,,,,,,,,,,,,,,,,,,,,,,,,,,,,,,,,,,,,,,,,,,,,,,,,,,,,,,,,,,,,,,,,,,,49.264007568359,-122.93690490723,-1,
R_2zr9dt87FODwYzq,Default Response Set,Anonymous,,,142.58.41.202,0,2017-03-13 15:45:54,2017-03-13 15:56:03,1,86,1,70,1,2,1,4,1,5,5,3,4,5,5,4,5,1,7,7,1,1,7,1,5,2,1,7,1,4,1,1,6,1,1,2,1,1,7,1,1,1,4,1,4,1,5,1,7,7,7,7,1,1,1,1,7,4,4,4,4,5,1,1,3,5,5,3,5,5,4,1,1,1,3,5,5,5,1,5,3,5,1,19,Indian,Criminology,10,1,1,1,2,,,,,,,,,,,,,,,,,,,,,,,,,,,,,,,,,,,,,,,,,,,,,,,,,,,,,,,,,,,,,,,,,,,,,,,,,,,,,,,,,,,,,,,,,49.264007568359,-122.93690490723,-1,
R_1eXFQFkGUxgkwE4,Default Response Set,Anonymous,,,142.58.41.202,0,2017-03-13 15:58:09,2017-03-13 16:41:26,1,87,1,63,1,3,3,2,2,3,3,2,2,1,4,4,4,1,6,6,4,3,5,4,6,4,3,5,6,4,3,4,4,4,4,4,5,4,6,5,4,4,2,3,4,3,5,4,5,3,5,1,4,3,4,4,4,3,3,3,3,3,2,2,3,4,3,4,4,3,2,3,3,3,3,5,3,4,2,4,3,3,2,20,Chinese,Philsophy,,9,9,9,,,,,,,,,,,,,,,,,,,,,,,,,,,,,,,,,,,,,,,,,,,,,,,,,,,,,,,,,,,,,,,,,,,,,,,,,,,,,,,,,,,,,,,,,,49.264007568359,-122.93690490723,-1,
R_2X54K5t8AJ6U6Nb,Default Response Set,Anonymous,,,142.58.41.202,0,2017-03-13 16:47:40,2017-03-13 16:58:38,1,88,1,50,1,1,1,2,2,4,3,4,3,4,3,4,4,1,5,6,4,2,2,2,4,3,1,5,2,6,4,2,6,5,3,5,2,3,5,4,3,3,4,2,3,4,5,2,5,6,5,5,3,1,3,3,4,4,2,3,2,5,2,1,2,5,4,4,3,4,1,3,2,1,3,3,4,3,2,3,2,4,2,19,Metis,undecided,9,3,2,8,1,,,,,,,,,,,,,,,,,,,,,,,,,,,,,,,,,,,,,,,,,,,,,,,,,,,,,,,,,,,,,,,,,,,,,,,,,,,,,,,,,,,,,,,,,49.264007568359,-122.93690490723,-1,
R_2eQjv0apxnCRaLF,Default Response Set,Anonymous,,,142.58.41.202,0,2017-03-13 17:14:59,2017-03-13 17:29:57,1,89,1,70,1,4,3,2,3,2,3,4,3,3,4,4,4,1,5,6,5,5,4,4,5,4,4,4,3,3,3,4,5,5,2,3,5,4,4,3,4,6,4,5,4,5,5,5,6,7,7,7,6,2,1,1,4,4,4,3,3,5,4,2,3,4,4,4,3,3,2,3,4,2,3,4,4,4,3,3,3,3,1,20,Indian ,Economics ,1,3,4,4,2,,,,,,,,,,,,,,,,,,,,,,,,,,,,,,,,,,,,,,,,,,,,,,,,,,,,,,,,,,,,,,,,,,,,,,,,,,,,,,,,,,,,,,,,,49.264007568359,-122.93690490723,-1,
R_26nmjhKM13ZIak3,Default Response Set,Anonymous,,,142.58.41.202,0,2017-03-13 17:49:54,2017-03-13 18:07:45,1,90,1,90,1,2,1,3,4,2,3,2,2,4,3,3,1,1,3,4,1,3,5,6,4,4,1,4,1,1,4,4,2,4,5,1,4,1,4,1,1,3,2,3,1,4,5,3,5,4,5,4,4,2,5,5,4,3,3,2,1,5,2,1,2,5,3,4,5,5,2,2,1,1,3,4,5,4,2,5,2,4,1,20,Chinese,Arts and social sciences,2,8,8,8,1,,,,,,,,,,,,,,,,,,,,,,,,,,,,,,,,,,,,,,,,,,,,,,,,,,,,,,,,,,,,,,,,,,,,,,,,,,,,,,,,,,,,,,,,,49.264007568359,-122.93690490723,-1,
R_2ExZ99ORv9kZqEL,Default Response Set,Anonymous,,,142.58.41.202,0,2017-03-13 18:13:55,2017-03-13 18:19:47,1,91,1,62,1,1,1,3,3,3,4,4,4,3,3,4,4,1,3,5,4,3,3,3,4,4,3,4,3,4,4,2,5,4,4,4,4,4,4,3,3,4,4,4,4,4,4,4,4,5,5,5,4,3,3,3,4,3,3,3,3,4,2,2,3,3,4,3,3,3,4,2,3,3,3,3,3,3,3,3,3,3,1,20,punjabi,kin,7,8,8,8,4,,,,,,,,,,,,,,,,,,,,,,,,,,,,,,,,,,,,,,,,,,,,,,,,,,,,,,,,,,,,,,,,,,,,,,,,,,,,,,,,,,,,,,,,,49.264007568359,-122.93690490723,-1,
R_1d9W7Rwrjt7ARzS,Default Response Set,Anonymous,,,142.58.41.202,0,2017-03-16 10:13:34,2017-03-16 10:52:50,1,92,1,50,1,3,2,4,3,3,3,3,4,2,3,2,4,1,6,5,3,2,5,3,3,4,2,5,2,4,1,3,6,5,4,4,3,3,6,4,4,5,4,3,3,4,5,3,5,5,5,5,4,3,4,4,4,3,3,4,2,2,2,3,3,2,4,2,3,3,4,4,3,2,3,2,3,2,3,3,2,3,1,20,Asian,Criminology ,3,5,6,4,4,,,,,,,,,,,,,,,,,,,,,,,,,,,,,,,,,,,,,,,,,,,,,,,,,,,,,,,,,,,,,,,,,,,,,,,,,,,,,,,,,,,,,,,,,49.264007568359,-122.93690490723,-1,
R_2tu0rqmrpR62Tx1,Default Response Set,Anonymous,,,142.58.41.202,0,2017-03-16 10:55:27,2017-03-16 11:23:32,1,93,1,40,1,4,1,4,1,4,3,4,4,4,3,4,3,1,7,4,6,2,5,2,3,6,3,5,5,2,3,4,6,5,2,6,4,5,4,6,4,5,5,3,5,6,5,2,6,5,5,6,3,1,1,2,6,4,4,3,3,3,4,4,4,4,5,3,3,4,4,2,2,2,4,4,4,2,2,2,3,4,1,24,White,engineering,11,3,4,4,2,,,,,,,,,,,,,,,,,,,,,,,,,,,,,,,,,,,,,,,,,,,,,,,,,,,,,,,,,,,,,,,,,,,,,,,,,,,,,,,,,,,,,,,,,49.264007568359,-122.93690490723,-1,
R_110GZyMckRgccMw,Default Response Set,Anonymous,,,142.58.41.202,0,2017-03-16 11:26:08,2017-03-16 11:48:22,1,94,1,87,1,1,3,3,3,5,5,4,5,4,5,4,4,1,6,6,4,1,3,5,2,3,1,7,5,7,3,2,5,2,2,6,3,5,6,5,1,3,4,5,3,4,,2,6,6,6,6,3,2,2,2,6,4,2,4,2,5,2,3,5,5,5,5,3,2,3,3,2,2,2,4,3,4,2,2,1,2,2,23,Romanian,Education,3,5,6,5,3,,,,,,,,,,,,,,,,,,,,,,,,,,,,,,,,,,,,,,,,,,,,,,,,,,,,,,,,,,,,,,,,,,,,,,,,,,,,,,,,,,,,,,,,,49.264007568359,-122.93690490723,-1,
R_RaX7jZHWFHMJyGB,Default Response Set,Anonymous,,,142.58.41.202,0,2017-03-16 13:25:27,2017-03-16 13:36:08,1,95,1,60,1,2,1,2,3,3,2,3,4,3,3,2,3,1,6,5,5,5,3,6,3,4,3,3,4,4,3,3,3,2,3,4,2,5,6,4,3,6,4,3,6,4,2,2,6,3,4,5,3,4,3,4,5,3,3,2,3,2,2,3,3,5,4,4,3,3,3,1,2,3,2,3,5,2,4,2,1,3,1,18,Caucasian,Undecided,6,2,2,8,1,,,,,,,,,,,,,,,,,,,,,,,,,,,,,,,,,,,,,,,,,,,,,,,,,,,,,,,,,,,,,,,,,,,,,,,,,,,,,,,,,,,,,,,,,49.264007568359,-122.93690490723,-1,
R_7UM6D2FUvaX0MGR,Default Response Set,Anonymous,,,142.58.41.202,0,2017-03-09 12:24:08,2017-03-09 12:40:28,0,71,,,,,,,,,,,,,,,,,,,,,,,,,,,,,,,,,,,,,,,,,,,,,,,,,,,,,,,,,,,,,,,,,,,,,,,,,,,,,,,,,,,,,,,,,,,,,,,,,,,,,,,,,,,,,,,,,,,,,,,,,,,,,,,,,,,,,,,,,,,,,,,,,,,,,,,,,,,,,,,,,,,,,,,,,,,,,,,,,,,,-1,
R_1OTWBhc9IzBFOXp,Default Response Set,Anonymous,,,142.58.41.202,0,2017-03-16 13:40:52,2017-03-16 13:51:10,1,96,1,50,1,1,1,1,1,4,3,4,4,3,4,4,4,1,6,5,4,2,5,3,3,3,1,6,3,2,4,2,6,4,5,5,2,2,6,2,1,1,2,1,5,2,5,2,6,7,6,6,2,1,1,1,6,4,4,3,3,4,2,2,4,3,4,5,5,4,2,3,5,1,3,4,4,4,3,3,2,3,2,18,chinese ,linguistics ,1,4,4,4,4,,,,,,,,,,,,,,,,,,,,,,,,,,,,,,,,,,,,,,,,,,,,,,,,,,,,,,,,,,,,,,,,,,,,,,,,,,,,,,,,,,,,,,,,,49.264007568359,-122.93690490723,-1,
R_22LWCCM7NuDsX1l,Default Response Set,Anonymous,,,142.58.41.202,0,2017-03-16 14:05:47,2017-03-16 14:16:00,1,97,1,100,1,2,2,3,3,3,3,4,4,4,4,4,4,1,3,2,5,2,5,6,4,3,2,5,3,3,3,5,5,5,3,5,2,4,5,3,2,5,3,3,5,5,3,2,6,5,6,5,3,2,3,3,3,3,3,4,4,5,1,2,3,4,3,3,5,3,2,2,3,1,4,5,4,5,1,3,2,4,2,18,east indian,criminology,5,6,3,3,3,,,,,,,,,,,,,,,,,,,,,,,,,,,,,,,,,,,,,,,,,,,,,,,,,,,,,,,,,,,,,,,,,,,,,,,,,,,,,,,,,,,,,,,,,49.264007568359,-122.93690490723,-1,
R_3pfEnYbIT2AtI7p,Default Response Set,Anonymous,,,142.58.41.202,0,2017-03-16 14:33:52,2017-03-16 14:39:38,1,98,1,50,1,4,4,4,4,3,4,4,4,5,5,5,5,1,7,5,6,3,6,2,2,6,4,6,5,4,2,3,7,6,5,4,4,5,5,5,4,5,6,6,6,6,6,4,6,6,6,6,3,1,1,1,7,4,4,4,4,5,3,3,5,5,5,5,5,5,3,3,3,3,5,5,5,5,3,5,5,5,2,19,fijian,criminology,6,4,4,4,1,,,,,,,,,,,,,,,,,,,,,,,,,,,,,,,,,,,,,,,,,,,,,,,,,,,,,,,,,,,,,,,,,,,,,,,,,,,,,,,,,,,,,,,,,49.264007568359,-122.93690490723,-1,
R_2B2ItioyeiD7QrL,Default Response Set,Anonymous,,,142.58.41.202,0,2017-03-16 14:49:30,2017-03-16 14:57:26,1,99,1,21,1,2,2,2,1,3,3,3,2,5,2,3,4,1,6,3,4,2,3,4,3,4,3,5,3,2,3,3,4,3,4,3,4,3,5,3,4,3,2,3,3,3,3,3,5,5,6,6,4,3,3,3,4,3,4,3,3,3,2,1,2,4,4,4,4,2,3,2,5,1,3,4,4,4,2,3,2,4,2,18,caucasian,business,5,8,8,8,1,,,,,,,,,,,,,,,,,,,,,,,,,,,,,,,,,,,,,,,,,,,,,,,,,,,,,,,,,,,,,,,,,,,,,,,,,,,,,,,,,,,,,,,,,49.264007568359,-122.93690490723,-1,
R_e5qan63NEEBmGzf,Default Response Set,Anonymous,,,142.58.41.202,0,2017-03-17 10:56:43,2017-03-17 11:17:06,1,100,1,80,1,1,1,2,1,4,4,3,4,4,4,4,4,1,5,6,3,2,6,2,3,2,1,7,2,6,1,1,5,2,5,5,1,5,5,2,2,3,2,1,6,2,3,1,6,7,4,6,1,1,1,1,6,4,3,4,3,5,5,2,4,4,5,5,4,2,1,5,5,1,3,5,4,4,3,1,2,2,2,18,Vietnamese,Psychology,5,2,1,3,1,,,,,,,,,,,,,,,,,,,,,,,,,,,,,,,,,,,,,,,,,,,,,,,,,,,,,,,,,,,,,,,,,,,,,,,,,,,,,,,,,,,,,,,,,49.264007568359,-122.93690490723,-1,
R_20NkqgDphJK5JS6,Default Response Set,Anonymous,,,142.58.41.202,0,2017-03-17 11:20:06,2017-03-17 12:00:32,1,101,1,50,1,4,3,5,4,5,5,5,5,5,4,5,4,1,6,3,7,2,5,6,1,7,1,6,5,4,1,5,7,4,2,7,1,6,7,2,7,5,2,3,4,5,3,5,6,6,6,6,2,2,5,5,6,3,4,4,4,4,4,5,4,5,4,5,5,5,5,1,4,5,5,4,5,1,1,5,1,4,1,18,Filipino,Psychology,11,6,6,2,3,,,,,,,,,,,,,,,,,,,,,,,,,,,,,,,,,,,,,,,,,,,,,,,,,,,,,,,,,,,,,,,,,,,,,,,,,,,,,,,,,,,,,,,,,49.264007568359,-122.93690490723,-1,
R_2PzeEk8414uVwG1,Default Response Set,Anonymous,,,142.58.41.202,0,2017-03-17 12:03:07,2017-03-17 12:46:45,1,102,1,50,1,2,2,4,3,,3,3,2,3,3,3,3,1,5,5,3,3,5,4,3,3,1,5,3,4,3,3,4,2,4,3,3,2,4,4,2,5,3,4,3,3,3,2,5,5,6,5,4,2,2,4,4,3,2,2,2,3,2,2,4,3,4,5,4,3,2,4,5,3,3,4,3,4,3,2,3,3,2,21,caucasian,mathematics/chemistry,3,8,8,8,4,,,,,,,,,,,,,,,,,,,,,,,,,,,,,,,,,,,,,,,,,,,,,,,,,,,,,,,,,,,,,,,,,,,,,,,,,,,,,,,,,,,,,,,,,49.264007568359,-122.93690490723,-1,
R_W0CsvA5GCWHrYOJ,Default Response Set,Anonymous,,,142.58.41.202,0,2017-03-17 12:58:15,2017-03-17 14:22:28,1,103,1,67,1,2,2,2,2,3,4,3,3,3,4,4,4,1,6,5,4,3,5,4,4,5,2,5,2,2,2,3,4,5,4,5,3,3,4,3,3,4,1,2,6,3,5,3,6,6,7,7,2,1,4,3,5,4,4,2,2,5,1,2,2,4,5,3,4,2,2,2,3,2,2,4,4,4,4,4,3,3,2,19,caucasian ,psychology,3,1,1,1,4,,,,,,,,,,,,,,,,,,,,,,,,,,,,,,,,,,,,,,,,,,,,,,,,,,,,,,,,,,,,,,,,,,,,,,,,,,,,,,,,,,,,,,,,,49.264007568359,-122.93690490723,-1,
R_URBbowEt44GwOwF,Default Response Set,Anonymous,,,142.58.41.202,0,2017-03-17 14:38:26,2017-03-17 14:49:00,1,104,1,70,1,2,2,3,3,2,3,2,2,3,2,3,2,1,5,4,5,3,5,3,3,3,3,5,5,3,3,2,5,4,5,3,3,3,3,3,3,5,4,3,5,5,4,5,5,4,5,4,5,3,4,3,3,3,2,3,3,4,2,2,3,4,4,2,4,3,3,2,2,2,2,4,4,4,2,4,2,4,1,19,Canadian,Economics,7,8,8,8,4,,,,,,,,,,,,,,,,,,,,,,,,,,,,,,,,,,,,,,,,,,,,,,,,,,,,,,,,,,,,,,,,,,,,,,,,,,,,,,,,,,,,,,,,,49.264007568359,-122.93690490723,-1,
R_1JXg59ZafS4LuK8,Default Response Set,Anonymous,,,142.58.41.222,0,2017-03-13 18:12:44,2017-03-13 18:22:36,0,999,1,,,,,,,,,,,,,,,,,,,,,,,,,,,,,,,,,,,,,,,,,,,,,,,,,,,,,,,,,,,,,,,,,,,,,,,,,,,,,,,,,,,,,,,,,,,,,,,,,,,,,,,,,,,,,,,,,,,,,,,,,,,,,,,,,,,,,,,,,,,,,,,,,,,,,,,,,,,,,,,,,,,,,,,,,,,,,,,,,,,-1,
R_3IVPvHVFAXd9Ohg,Default Response Set,Anonymous,,,142.58.41.202,0,2017-03-23 09:54:46,2017-03-23 10:20:15,1,105,1,60,1,4,3,4,3,2,3,2,4,3,5,4,5,1,3,4,4,3,5,1,1,5,4,5,2,4,2,1,5,1,5,4,6,1,2,4,2,5,4,2,4,4,5,4,4,,4,4,1,2,4,4,4,3,3,3,3,5,1,1,1,4,5,3,4,5,1,3,1,1,5,4,5,3,1,4,1,3,2,33,Caucasian/ European,Undecided,,6,4,5,4,,,,,,,,,,,,,,,,,,,,,,,,,,,,,,,,,,,,,,,,,,,,,,,,,,,,,,,,,,,,,,,,,,,,,,,,,,,,,,,,,,,,,,,,,49.264007568359,-122.93690490723,-1,
R_3JIxaNtPfaJQRsZ,Default Response Set,Anonymous,,,142.58.41.202,0,2017-03-23 10:25:00,2017-03-23 10:45:07,1,106,1,71,1,4,2,4,3,4,4,5,4,4,4,4,4,1,5,6,5,2,5,2,3,4,2,5,4,4,3,3,5,4,3,5,2,4,5,4,2,5,5,1,3,5,2,2,6,6,6,6,4,2,1,2,3,3,3,3,4,5,2,2,3,5,5,4,5,4,1,2,2,1,4,5,5,5,2,4,4,4,2,21,caucasian ,Education,14,6,5,5,1,,,,,,,,,,,,,,,,,,,,,,,,,,,,,,,,,,,,,,,,,,,,,,,,,,,,,,,,,,,,,,,,,,,,,,,,,,,,,,,,,,,,,,,,,49.264007568359,-122.93690490723,-1,
R_phDqZjp7LBNw1aN,Default Response Set,Anonymous,,,142.58.41.202,0,2017-03-23 10:46:41,2017-03-23 11:18:25,1,107,1,53,1,2,1,2,2,3,4,4,4,,5,5,5,1,5,6,4,2,4,2,2,4,1,5,2,5,2,2,4,3,1,2,6,2,4,3,3,4,2,2,3,3,5,2,6,6,6,6,6,2,2,1,6,4,4,4,4,4,2,2,4,5,5,4,4,2,1,4,4,1,4,4,4,5,2,5,4,4,2,20,caucasian ,psychology,9,2,2,2,1,,,,,,,,,,,,,,,,,,,,,,,,,,,,,,,,,,,,,,,,,,,,,,,,,,,,,,,,,,,,,,,,,,,,,,,,,,,,,,,,,,,,,,,,,49.264007568359,-122.93690490723,-1,
R_24AbltIcAnglz90,Default Response Set,Anonymous,,,142.58.41.202,0,2017-03-23 11:20:59,2017-03-23 11:52:54,1,108,1,61,1,2,2,3,2,3,3,3,3,4,3,4,3,1,5,5,2,4,5,6,2,3,4,6,2,3,2,2,2,3,4,4,4,3,4,3,2,3,4,3,4,4,4,1,5,4,6,6,3,2,4,4,4,3,4,2,4,4,3,1,2,3,5,2,4,2,3,1,2,2,3,3,4,3,2,4,2,5,2,18,Chinese,Criminology,6,4,2,6,4,,,,,,,,,,,,,,,,,,,,,,,,,,,,,,,,,,,,,,,,,,,,,,,,,,,,,,,,,,,,,,,,,,,,,,,,,,,,,,,,,,,,,,,,,49.264007568359,-122.93690490723,-1,
R_BMvljJXjQseSDHr,Default Response Set,Anonymous,,,142.58.41.208,0,2017-03-23 11:57:21,2017-03-23 12:28:52,1,109,1,52,1,2,2,2,2,3,4,4,4,4,4,4,4,1,7,6,5,2,4,2,4,6,2,5,4,6,4,3,5,5,4,5,4,6,5,4,3,4,3,3,5,4,4,3,5,7,5,4,4,3,4,4,4,3,3,3,3,4,1,1,5,4,3,4,5,2,2,3,5,1,3,4,4,4,3,3,3,4,2,18,Iranian,Psychology ,6,8,8,8,1,,,,,,,,,,,,,,,,,,,,,,,,,,,,,,,,,,,,,,,,,,,,,,,,,,,,,,,,,,,,,,,,,,,,,,,,,,,,,,,,,,,,,,,,,49.264007568359,-122.93690490723,-1,
R_1eW3ucAnDUqHEdu,Default Response Set,Anonymous,,,142.58.41.208,0,2017-03-23 12:36:23,2017-03-23 13:03:31,1,110,1,74,1,2,1,4,2,2,2,2,2,2,3,4,3,1,5,3,4,2,3,3,3,3,3,4,3,2,3,3,5,3,4,4,4,3,5,3,3,4,3,2,3,3,3,3,5,4,4,4,4,3,3,3,4,3,3,4,3,4,2,1,2,3,4,3,4,2,1,4,3,2,3,4,4,5,2,4,2,3,2,21,South Asian,Business: Finance,13,3,3,3,1,,,,,,,,,,,,,,,,,,,,,,,,,,,,,,,,,,,,,,,,,,,,,,,,,,,,,,,,,,,,,,,,,,,,,,,,,,,,,,,,,,,,,,,,,49.264007568359,-122.93690490723,-1,
R_3e7Ud0WGlwFG8VU,Default Response Set,Anonymous,,,142.58.41.208,0,2017-03-23 13:31:22,2017-03-23 13:46:12,1,111,1,29,1,1,2,1,2,3,3,4,5,2,3,2,3,1,4,4,4,3,5,2,3,4,2,5,2,4,3,2,6,3,4,4,3,4,4,2,4,3,2,2,4,4,2,2,5,2,5,5,3,3,3,3,5,3,4,2,2,4,2,2,3,3,2,2,4,3,3,3,4,2,2,3,3,3,2,3,3,3,1,19,korean,,9,4,4,4,2,,,,,,,,,,,,,,,,,,,,,,,,,,,,,,,,,,,,,,,,,,,,,,,,,,,,,,,,,,,,,,,,,,,,,,,,,,,,,,,,,,,,,,,,,49.264007568359,-122.93690490723,-1,
R_2xzcZanJLCm4I6t,Default Response Set,Anonymous,,,142.58.41.208,0,2017-03-23 13:48:33,2017-03-23 13:56:25,1,112,1,86,1,2,3,4,4,4,3,4,5,5,4,4,4,1,5,3,6,1,7,3,1,4,2,6,4,3,3,4,6,4,2,4,2,4,5,2,2,4,4,1,4,3,5,5,6,6,7,6,6,1,2,4,7,4,3,4,3,5,4,1,4,5,5,3,4,4,1,5,4,1,3,5,5,4,2,3,1,5,2,18,Indo-Canadian,Bachlor of Health Science,3,8,8,8,4,,,,,,,,,,,,,,,,,,,,,,,,,,,,,,,,,,,,,,,,,,,,,,,,,,,,,,,,,,,,,,,,,,,,,,,,,,,,,,,,,,,,,,,,,49.264007568359,-122.93690490723,-1,
R_zbSPbV2Ml74VjtD,Default Response Set,Anonymous,,,142.58.41.208,0,2017-03-23 14:50:09,2017-03-23 14:59:50,1,113,1,29,1,1,1,2,1,4,4,4,4,3,4,4,4,1,6,5,6,3,3,6,3,6,2,6,5,4,4,5,6,2,5,5,2,5,5,5,3,2,4,3,5,5,5,3,6,5,5,6,4,2,4,4,3,4,3,4,3,3,3,2,2,3,4,2,4,4,2,2,2,3,2,2,3,2,2,3,2,4,2,18,Indian (south asian),health science,5,3,3,5,1,,,,,,,,,,,,,,,,,,,,,,,,,,,,,,,,,,,,,,,,,,,,,,,,,,,,,,,,,,,,,,,,,,,,,,,,,,,,,,,,,,,,,,,,,49.264007568359,-122.93690490723,-1,
R_RkrIu9z7WeHgq1X,Default Response Set,Anonymous,,,142.58.41.208,0,2017-03-24 10:57:40,2017-03-24 11:20:37,1,114,1,80,1,2,1,3,1,3,2,3,3,3,2,2,2,1,4,5,5,3,5,3,3,5,3,5,3,4,3,3,6,4,4,5,4,3,3,4,4,4,3,2,3,3,5,2,5,5,5,5,3,3,3,4,4,3,3,2,2,2,3,2,1,5,4,1,2,5,2,2,1,2,5,2,4,3,1,2,1,3,2,20,canadian/caucasian,Kinesiology,10,8,8,8,1,,,,,,,,,,,,,,,,,,,,,,,,,,,,,,,,,,,,,,,,,,,,,,,,,,,,,,,,,,,,,,,,,,,,,,,,,,,,,,,,,,,,,,,,,49.264007568359,-122.93690490723,-1,
R_3qWns1KDNXLPGun,Default Response Set,Anonymous,,,142.58.41.208,0,2017-03-24 11:23:59,2017-03-24 11:39:02,1,115,1,75,1,2,1,5,1,2,2,3,4,4,3,4,4,1,6,4,6,1,7,5,3,6,2,5,5,3,2,2,6,4,6,6,2,5,6,3,3,5,2,1,6,5,2,2,6,6,6,5,3,2,3,2,5,4,3,4,3,4,2,2,4,5,5,5,5,2,2,3,4,2,3,4,4,5,4,4,3,5,2,20,Vietnamese,Business,9,2,1,2,1,,,,,,,,,,,,,,,,,,,,,,,,,,,,,,,,,,,,,,,,,,,,,,,,,,,,,,,,,,,,,,,,,,,,,,,,,,,,,,,,,,,,,,,,,49.264007568359,-122.93690490723,-1,
R_2QM5V5aZwBQoClo,Default Response Set,Anonymous,,,142.58.41.208,0,2017-03-24 11:41:39,2017-03-24 12:10:22,1,116,1,85,1,1,1,2,1,2,2,2,2,5,3,3,3,1,5,7,4,2,1,5,4,1,1,7,4,4,4,4,4,4,4,4,4,4,4,3,2,5,1,4,1,2,5,1,7,7,7,7,1,1,1,1,5,4,4,4,4,5,5,1,5,5,1,3,5,5,1,3,4,1,3,5,5,5,3,5,5,5,1,21,Persian / Dutch ,Kinesiology,10,8,8,8,4,,,,,,,,,,,,,,,,,,,,,,,,,,,,,,,,,,,,,,,,,,,,,,,,,,,,,,,,,,,,,,,,,,,,,,,,,,,,,,,,,,,,,,,,,49.264007568359,-122.93690490723,-1,
R_vZGyB6wX9CUobL3,Default Response Set,Anonymous,,,142.58.41.208,0,2017-03-24 12:12:45,2017-03-24 12:50:43,1,116,1,86,1,2,2,3,2,2,3,3,4,3,4,4,4,1,5,5,4,3,4,6,4,3,5,4,3,3,2,2,4,4,4,4,4,4,4,5,4,5,4,4,4,4,5,4,4,4,4,4,4,3,4,4,4,3,3,3,3,4,2,2,3,4,4,3,4,4,2,2,2,2,4,4,4,4,2,3,2,4,2,20,Chinese,health science,10,8,8,8,1,,,,,,,,,,,,,,,,,,,,,,,,,,,,,,,,,,,,,,,,,,,,,,,,,,,,,,,,,,,,,,,,,,,,,,,,,,,,,,,,,,,,,,,,,49.264007568359,-122.93690490723,-1,
R_2tziq3TgqTTnd0u,Default Response Set,Anonymous,,,142.58.41.208,0,2017-03-24 12:53:46,2017-03-24 13:15:49,1,118,1,70,1,4,4,3,2,3,2,2,3,2,2,2,2,1,5,4,4,3,4,4,4,4,5,4,4,3,3,4,4,5,5,4,4,5,4,4,5,5,3,6,4,5,4,4,5,3,5,4,5,3,5,3,4,3,3,3,3,3,2,3,2,3,4,4,4,3,2,3,2,2,4,4,4,4,2,4,4,4,2,21,Chinese,economics,14,4,5,2,2,,,,,,,,,,,,,,,,,,,,,,,,,,,,,,,,,,,,,,,,,,,,,,,,,,,,,,,,,,,,,,,,,,,,,,,,,,,,,,,,,,,,,,,,,49.264007568359,-122.93690490723,-1,
R_3r1mzm3JKfrdWPO,Default Response Set,Anonymous,,,142.58.41.208,0,2017-03-24 13:16:37,2017-03-24 13:58:04,1,119,1,50,1,4,5,4,5,3,2,3,2,2,3,3,3,1,4,1,5,6,2,7,4,2,4,3,1,4,3,4,5,4,3,4,6,4,6,4,2,7,2,5,5,6,4,6,3,2,4,4,2,2,5,4,2,3,1,3,4,3,1,5,3,5,2,3,3,4,5,2,1,4,3,4,5,5,2,5,4,5,1,21,Chinese,Business,15,8,2,2,2,,,,,,,,,,,,,,,,,,,,,,,,,,,,,,,,,,,,,,,,,,,,,,,,,,,,,,,,,,,,,,,,,,,,,,,,,,,,,,,,,,,,,,,,,49.264007568359,-122.93690490723,-1,
R_12E9xtoROaXt5L7,Default Response Set,Anonymous,,,142.58.41.208,0,2017-03-24 14:00:30,2017-03-24 14:17:10,1,120,1,40,1,1,1,4,1,3,3,3,3,4,4,4,4,1,,2,2,2,5,2,2,6,,,2,6,2,2,6,2,2,5,5,2,5,5,2,2,5,2,2,2,5,1,6,6,6,7,1,2,1,2,6,4,3,3,3,5,1,1,3,5,5,2,5,5,5,5,2,1,5,4,5,1,1,5,1,5,1,19,caucasian,Criminology ,4,4,4,3,1,,,,,,,,,,,,,,,,,,,,,,,,,,,,,,,,,,,,,,,,,,,,,,,,,,,,,,,,,,,,,,,,,,,,,,,,,,,,,,,,,,,,,,,,,49.264007568359,-122.93690490723,-1,
R_1NfbRwPZIHNjj1B,Default Response Set,Anonymous,,,142.58.41.202,0,2017-03-24 16:13:08,2017-03-24 16:23:38,1,121,1,55,1,4,5,4,3,4,4,2,4,5,4,3,4,1,6,6,3,1,4,5,2,4,3,6,4,2,4,2,7,3,4,5,2,4,6,4,3,5,2,2,4,2,5,1,5,5,6,5,4,3,2,3,4,3,4,3,3,4,2,2,2,4,4,4,4,3,2,3,2,1,4,5,4,4,2,4,1,4,2,18,caucasian,nursing,8,3,3,3,1,,,,,,,,,,,,,,,,,,,,,,,,,,,,,,,,,,,,,,,,,,,,,,,,,,,,,,,,,,,,,,,,,,,,,,,,,,,,,,,,,,,,,,,,,49.264007568359,-122.93690490723,-1,
R_2SquqxdnbBqoMTw,Default Response Set,Anonymous,,,142.58.41.202,0,2017-03-24 16:41:45,2017-03-24 16:54:49,1,122,1,57,1,3,4,4,3,3,2,3,3,2,3,2,3,1,6,4,4,5,5,2,4,5,5,5,3,4,4,4,5,4,3,5,5,5,4,2,4,5,4,4,4,3,,3,5,4,5,4,4,4,4,4,3,3,4,3,3,4,4,1,3,3,2,3,4,4,2,3,4,1,4,3,4,5,2,3,4,4,2,25,,psychology,14,8,8,8,,,,,,,,,,,,,,,,,,,,,,,,,,,,,,,,,,,,,,,,,,,,,,,,,,,,,,,,,,,,,,,,,,,,,,,,,,,,,,,,,,,,,,,,,,49.264007568359,-122.93690490723,-1,
R_1OYWgEYe2za7l7s,Default Response Set,Anonymous,,,142.58.41.202,0,2017-03-24 17:09:19,2017-03-24 17:23:17,1,123,1,20,1,1,1,4,2,2,3,5,4,5,4,5,4,1,1,4,4,2,2,2,1,2,1,5,5,4,1,1,5,2,3,4,5,2,3,1,1,1,1,4,6,4,1,1,7,6,4,5,4,1,1,3,4,3,3,2,2,2,1,4,3,5,5,4,5,2,4,3,4,2,4,5,4,4,2,4,3,4,2,25,S.Korean,Engineering,6,8,8,8,1,,,,,,,,,,,,,,,,,,,,,,,,,,,,,,,,,,,,,,,,,,,,,,,,,,,,,,,,,,,,,,,,,,,,,,,,,,,,,,,,,,,,,,,,,49.264007568359,-122.93690490723,-1,
R_3jSq52EBnJ4ofAZ,Default Response Set,Anonymous,,,142.58.41.202,0,2017-03-24 17:36:57,2017-03-24 17:41:56,1,124,1,50,1,1,1,1,1,3,4,3,4,4,3,3,4,1,7,7,2,2,4,2,2,2,2,5,2,2,2,1,5,4,5,3,2,2,6,2,2,2,2,1,5,2,4,2,5,6,7,5,3,1,2,1,5,3,3,2,2,4,2,2,2,4,4,3,4,3,2,1,3,2,3,5,5,4,2,3,2,4,2,19,Chinese,Accounting/ Finance,13,8,8,8,4,,,,,,,,,,,,,,,,,,,,,,,,,,,,,,,,,,,,,,,,,,,,,,,,,,,,,,,,,,,,,,,,,,,,,,,,,,,,,,,,,,,,,,,,,49.264007568359,-122.93690490723,-1,
R_DUWHlgKdC7sbnuF,Default Response Set,Anonymous,,,142.58.41.202,0,2017-03-24 18:08:54,2017-03-24 18:24:54,1,125,1,45,1,2,1,2,1,1,4,3,3,2,4,2,3,1,2,5,5,1,5,3,2,5,2,5,5,5,2,2,5,3,5,4,4,4,4,1,2,1,2,2,3,2,4,2,4,4,4,5,4,3,3,3,5,4,3,2,2,5,2,3,3,4,4,4,4,2,2,3,3,2,4,5,4,5,1,4,3,3,1,19,Chinese,Criminology,8,8,8,8,1,,,,,,,,,,,,,,,,,,,,,,,,,,,,,,,,,,,,,,,,,,,,,,,,,,,,,,,,,,,,,,,,,,,,,,,,,,,,,,,,,,,,,,,,,49.264007568359,-122.93690490723,-1,
R_1msXwBTDzJuHMOy,Default Response Set,Anonymous,,,142.58.41.208,0,2017-03-27 15:25:08,2017-03-27 15:34:17,1,126,1,60,1,1,1,2,2,3,2,3,3,3,3,3,3,1,5,4,2,4,3,3,4,2,2,5,2,4,3,2,4,4,5,3,4,2,3,3,3,3,2,3,4,3,3,2,3,4,5,4,3,3,4,4,3,3,2,3,2,4,2,4,2,4,4,2,4,3,2,2,2,1,4,4,4,3,2,4,2,4,2,19,Canadian ,Psychology,15,6,6,6,4,,,,,,,,,,,,,,,,,,,,,,,,,,,,,,,,,,,,,,,,,,,,,,,,,,,,,,,,,,,,,,,,,,,,,,,,,,,,,,,,,,,,,,,,,49.264007568359,-122.93690490723,-1,
R_86ONWk9auole1AR,Default Response Set,Anonymous,,,142.58.41.208,0,2017-03-27 15:48:43,2017-03-27 15:54:03,1,127,1,89,1,1,1,2,1,4,4,4,5,5,5,5,4,1,7,7,7,1,6,2,3,6,2,7,2,5,3,1,6,1,1,3,2,2,7,5,3,3,2,1,2,1,5,2,7,7,7,7,1,1,1,1,6,4,4,4,4,5,1,1,2,5,5,4,5,2,1,1,4,1,4,5,5,5,2,5,2,5,2,20,Filipino,Undeclared,8,2,1,2,1,,,,,,,,,,,,,,,,,,,,,,,,,,,,,,,,,,,,,,,,,,,,,,,,,,,,,,,,,,,,,,,,,,,,,,,,,,,,,,,,,,,,,,,,,49.264007568359,-122.93690490723,-1,
R_1ewvzNec6TRkPtJ,Default Response Set,Anonymous,,,142.58.41.208,0,2017-03-27 16:37:38,2017-03-27 16:47:12,1,128,1,40,1,1,1,2,1,4,4,4,4,5,4,4,4,1,6,6,5,2,5,3,2,4,2,6,5,3,2,2,7,2,5,5,2,3,5,2,1,3,3,3,5,3,5,1,6,6,6,6,3,2,2,2,6,4,4,3,2,5,1,1,2,5,4,3,5,2,1,1,2,1,4,3,5,4,3,4,3,4,2,18,punjabi,sciences-bpk,7,3,2,3,1,,,,,,,,,,,,,,,,,,,,,,,,,,,,,,,,,,,,,,,,,,,,,,,,,,,,,,,,,,,,,,,,,,,,,,,,,,,,,,,,,,,,,,,,,49.264007568359,-122.93690490723,-1,
R_1llZWfrkKev9xzj,Default Response Set,Anonymous,,,142.58.41.208,0,2017-03-27 17:10:33,2017-03-27 17:21:01,1,129,1,85,1,2,1,2,2,3,3,3,3,3,3,3,3,1,4,3,2,2,3,2,4,1,1,5,2,1,4,2,4,4,4,3,3,2,3,1,1,2,2,6,4,1,2,1,5,5,6,6,4,2,1,2,4,3,3,2,2,4,1,1,3,4,5,5,4,4,2,3,4,1,1,4,4,5,1,3,3,5,2,18,Chinese,Psychology,4,4,3,4,1,,,,,,,,,,,,,,,,,,,,,,,,,,,,,,,,,,,,,,,,,,,,,,,,,,,,,,,,,,,,,,,,,,,,,,,,,,,,,,,,,,,,,,,,,49.264007568359,-122.93690490723,-1,
R_2f3Uam9JJKiXV82,Default Response Set,Anonymous,,,142.58.41.208,0,2017-03-27 17:34:59,2017-03-27 17:49:22,1,130,1,62,1,2,2,2,2,3,2,3,4,3,3,2,2,1,3,3,1,6,4,5,3,2,5,4,2,4,3,3,2,4,6,2,5,2,4,2,3,3,2,5,2,2,4,2,5,4,5,5,4,5,4,5,4,3,2,3,2,3,2,3,2,4,2,3,4,4,3,4,3,3,3,4,1,3,2,2,3,3,2,19,chinese,psychology,10,2,3,3,2,,,,,,,,,,,,,,,,,,,,,,,,,,,,,,,,,,,,,,,,,,,,,,,,,,,,,,,,,,,,,,,,,,,,,,,,,,,,,,,,,,,,,,,,,49.264007568359,-122.93690490723,-1,
R_1onGijoBiLHFqOG,Default Response Set,Anonymous,,,142.58.41.208,0,2017-03-30 09:32:01,2017-03-30 09:58:51,1,131,1,40,1,2,2,3,3,5,5,4,5,5,4,4,4,1,6,4,3,2,7,6,3,5,1,6,4,3,2,5,7,3,2,6,2,6,5,3,5,5,3,2,5,5,5,3,7,7,7,7,2,1,3,2,4,4,3,3,4,5,1,2,2,3,4,5,4,2,1,2,4,1,3,4,5,5,4,2,2,4,2,21,Indo-Canadian,Kinesiology,5,4,4,4,1,,,,,,,,,,,,,,,,,,,,,,,,,,,,,,,,,,,,,,,,,,,,,,,,,,,,,,,,,,,,,,,,,,,,,,,,,,,,,,,,,,,,,,,,,49.264007568359,-122.93690490723,-1,
R_6mREJjbyS3EzfY5,Default Response Set,Anonymous,,,142.58.41.208,0,2017-03-30 10:00:46,2017-03-30 10:51:35,1,132,1,50,1,3,3,1,4,4,4,4,3,4,4,4,4,1,6,6,5,3,6,5,3,4,3,6,4,4,3,6,6,5,5,5,4,4,5,5,5,5,6,2,4,5,6,4,5,6,2,4,4,5,5,6,4,3,3,4,3,2,4,3,5,4,3,3,5,4,2,1,4,4,4,4,4,3,2,1,1,1,1,19,chinese ,kinesiology ,3,8,8,8,2,,,,,,,,,,,,,,,,,,,,,,,,,,,,,,,,,,,,,,,,,,,,,,,,,,,,,,,,,,,,,,,,,,,,,,,,,,,,,,,,,,,,,,,,,49.264007568359,-122.93690490723,-1,
R_1mlKrpBM5n6ua7p,Default Response Set,Anonymous,,,142.58.41.208,0,2017-03-30 10:55:58,2017-03-30 11:24:49,1,133,1,100,1,1,2,1,1,3,2,2,2,3,3,2,3,1,5,5,4,3,5,3,2,5,3,5,4,4,2,3,4,4,5,3,3,4,4,4,3,5,4,3,4,5,4,4,5,5,5,5,5,3,3,3,4,3,3,3,3,4,3,2,3,3,2,2,4,4,3,3,2,3,3,2,3,3,2,3,2,2,1,18,canadian,criminology,12,8,8,8,3,,,,,,,,,,,,,,,,,,,,,,,,,,,,,,,,,,,,,,,,,,,,,,,,,,,,,,,,,,,,,,,,,,,,,,,,,,,,,,,,,,,,,,,,,49.264007568359,-122.93690490723,-1,
R_1qU57YCUMcvFZqW,Default Response Set,Anonymous,,,142.58.41.208,0,2017-03-30 11:26:37,2017-03-30 12:27:38,1,134,1,65,1,3,2,5,2,2,2,4,4,3,2,2,2,1,6,5,6,4,6,5,5,3,2,7,4,3,4,3,5,5,6,5,2,4,5,5,1,6,5,1,3,6,5,2,6,6,7,7,2,2,2,2,5,4,4,4,4,5,4,1,5,4,5,5,5,2,1,3,5,1,3,5,5,5,4,4,4,5,2,18,Caucasian,Business,6,8,8,8,1,,,,,,,,,,,,,,,,,,,,,,,,,,,,,,,,,,,,,,,,,,,,,,,,,,,,,,,,,,,,,,,,,,,,,,,,,,,,,,,,,,,,,,,,,49.264007568359,-122.93690490723,-1,
R_3PF6HhlIGciivvJ,Default Response Set,Anonymous,,,142.58.41.232,0,2017-03-31 10:38:27,2017-03-31 11:24:05,1,135,1,55,1,1,1,2,2,2,2,3,4,3,4,3,4,1,6,4,3,5,4,3,2,1,2,5,3,1,3,4,6,5,2,5,5,4,2,4,2,5,1,2,6,5,3,2,2,4,5,4,2,2,1,2,4,3,3,4,2,3,1,3,2,4,4,2,3,4,3,,4,2,3,2,2,5,2,2,2,3,1,21,Canadian,Business,10,3,4,3,1,,,,,,,,,,,,,,,,,,,,,,,,,,,,,,,,,,,,,,,,,,,,,,,,,,,,,,,,,,,,,,,,,,,,,,,,,,,,,,,,,,,,,,,,,49.264007568359,-122.93690490723,-1,
R_3fuCecGmj3prmOu,Default Response Set,Anonymous,,,142.58.41.232,0,2017-03-31 11:27:06,2017-03-31 11:50:33,1,136,1,45,1,2,1,3,1,5,4,4,4,4,4,3,3,1,6,5,5,3,2,3,3,4,3,5,5,4,5,2,6,3,4,4,2,5,5,3,2,2,5,2,6,4,5,2,7,5,6,5,2,1,4,4,6,4,4,3,3,4,2,2,5,3,4,5,4,3,1,3,4,2,3,4,4,5,3,3,2,2,2,20,Asian/Pacific Islander,Undecided,1,2,1,3,4,,,,,,,,,,,,,,,,,,,,,,,,,,,,,,,,,,,,,,,,,,,,,,,,,,,,,,,,,,,,,,,,,,,,,,,,,,,,,,,,,,,,,,,,,49.264007568359,-122.93690490723,-1,
R_6rPJHpMYoHK7mzT,Default Response Set,Anonymous,,,142.58.41.232,0,2017-03-31 11:52:14,2017-03-31 12:36:29,1,137,1,70,1,1,1,1,1,5,4,4,5,5,3,3,3,1,6,7,2,2,5,2,3,2,1,6,4,4,2,1,6,2,4,3,1,2,5,2,2,1,4,1,5,2,3,1,5,6,7,7,1,1,1,1,6,4,4,3,3,4,2,1,1,4,5,1,4,2,1,1,4,1,4,4,3,5,1,3,1,4,2,20,caucasian,criminology,15,2,1,2,1,,,,,,,,,,,,,,,,,,,,,,,,,,,,,,,,,,,,,,,,,,,,,,,,,,,,,,,,,,,,,,,,,,,,,,,,,,,,,,,,,,,,,,,,,49.264007568359,-122.93690490723,-1,
R_uamYRibDdS07OMx,Default Response Set,Anonymous,,,142.58.41.232,0,2017-03-31 12:37:54,2017-03-31 13:11:20,1,138,1,51,1,2,2,3,2,3,3,3,4,4,3,4,4,1,6,6,5,3,5,6,1,5,3,5,3,4,2,2,5,3,5,3,2,3,6,3,3,3,2,2,4,3,5,2,6,6,6,6,3,2,2,2,6,4,4,4,2,5,5,4,5,2,5,3,2,4,2,5,4,2,4,4,4,5,4,2,4,2,2,18,white,history,5,3,2,4,4,,,,,,,,,,,,,,,,,,,,,,,,,,,,,,,,,,,,,,,,,,,,,,,,,,,,,,,,,,,,,,,,,,,,,,,,,,,,,,,,,,,,,,,,,49.264007568359,-122.93690490723,-1,
R_2ZKY9RVVogAIFV1,Default Response Set,Anonymous,,,142.58.41.232,0,2017-03-31 13:13:55,2017-03-31 13:42:24,1,139,1,75,1,2,1,3,3,4,3,4,4,3,3,3,4,1,6,5,4,3,5,3,4,4,2,5,,3,5,3,6,4,5,4,3,5,,2,3,4,2,5,,2,3,2,5,5,3,3,5,5,4,4,3,3,2,3,2,4,2,1,1,5,4,4,4,2,2,4,4,1,3,4,5,5,3,4,4,5,2,18,White,Criminology,15,8,8,8,4,,,,,,,,,,,,,,,,,,,,,,,,,,,,,,,,,,,,,,,,,,,,,,,,,,,,,,,,,,,,,,,,,,,,,,,,,,,,,,,,,,,,,,,,,49.264007568359,-122.93690490723,-1,
R_2rUxmIVYkdcKjWu,Default Response Set,Anonymous,,,142.58.41.232,0,2017-03-31 13:44:56,2017-03-31 14:20:18,1,140,1,30,1,2,2,4,2,5,3,5,3,5,4,5,3,1,6,6,4,5,6,7,5,3,2,6,3,2,1,2,5,5,4,2,6,3,5,3,3,5,5,3,6,5,6,3,6,7,7,7,2,2,3,3,5,4,4,2,2,4,3,1,3,5,5,5,4,3,1,3,5,1,2,4,4,4,4,3,3,3,1,21,Asian,Psychology,10,8,8,8,1,,,,,,,,,,,,,,,,,,,,,,,,,,,,,,,,,,,,,,,,,,,,,,,,,,,,,,,,,,,,,,,,,,,,,,,,,,,,,,,,,,,,,,,,,49.264007568359,-122.93690490723,-1,
R_2f1mSxccn7TDu0i,Default Response Set,Anonymous,,,142.58.41.232,0,2017-03-31 14:22:17,2017-03-31 14:44:32,1,141,1,30,1,4,4,3,4,5,3,4,5,5,5,5,5,1,7,6,2,3,3,2,3,3,1,6,3,2,2,2,6,2,6,6,2,6,6,6,1,2,4,1,6,2,5,1,5,6,6,6,2,1,1,1,6,4,4,3,3,4,4,1,4,3,4,5,5,5,5,2,4,2,4,5,4,4,2,4,2,4,2,19,punjabi,criminology ,10,8,2,8,1,,,,,,,,,,,,,,,,,,,,,,,,,,,,,,,,,,,,,,,,,,,,,,,,,,,,,,,,,,,,,,,,,,,,,,,,,,,,,,,,,,,,,,,,,49.264007568359,-122.93690490723,-1,
R_3rZgUjDhOrV12YY,Default Response Set,Anonymous,,,142.58.41.232,0,2017-03-31 14:45:44,2017-03-31 15:25:22,1,142,1,40,1,3,1,4,1,1,1,2,1,5,1,3,2,1,5,3,4,4,6,3,4,3,2,6,2,4,1,4,6,1,1,4,1,2,6,5,2,5,5,4,6,4,5,2,7,7,7,7,1,1,1,1,4,3,4,3,3,5,4,2,3,5,5,3,3,4,2,1,3,2,3,4,4,5,2,4,2,3,2,18,arab,international studies,1,4,4,3,1,,,,,,,,,,,,,,,,,,,,,,,,,,,,,,,,,,,,,,,,,,,,,,,,,,,,,,,,,,,,,,,,,,,,,,,,,,,,,,,,,,,,,,,,,49.264007568359,-122.93690490723,-1,
R_2b433E2vOdZlTaZ,Default Response Set,Anonymous,,,142.58.41.232,0,2017-03-31 16:14:01,2017-03-31 16:21:49,1,143,1,33,1,3,4,4,3,4,5,5,5,5,5,5,5,1,4,4,5,3,5,5,3,5,4,5,4,6,4,4,4,2,4,6,3,6,3,6,3,6,4,3,3,6,6,4,5,5,6,6,3,4,2,2,6,3,3,3,3,2,3,4,4,4,5,5,4,2,2,5,5,3,3,2,5,3,3,4,3,4,2,20,south Asian ,criminology ,13,3,5,5,1,,,,,,,,,,,,,,,,,,,,,,,,,,,,,,,,,,,,,,,,,,,,,,,,,,,,,,,,,,,,,,,,,,,,,,,,,,,,,,,,,,,,,,,,,49.264007568359,-122.93690490723,-1,
R_6rK6Hlj5ZR5Bc7D,Default Response Set,Anonymous,,,142.58.41.232,0,2017-03-31 16:31:59,2017-03-31 16:39:37,1,144,1,40,1,4,4,5,4,4,2,2,2,2,3,2,3,1,6,1,7,2,2,3,2,4,5,3,5,3,1,6,5,5,2,5,5,4,5,5,5,6,2,2,6,6,5,7,6,3,5,4,4,3,4,4,4,3,3,2,2,3,4,3,3,3,3,4,3,3,4,4,4,1,4,4,3,3,2,3,3,4,1,19,Chinese,Computer Science,2,8,8,8,4,,,,,,,,,,,,,,,,,,,,,,,,,,,,,,,,,,,,,,,,,,,,,,,,,,,,,,,,,,,,,,,,,,,,,,,,,,,,,,,,,,,,,,,,,49.264007568359,-122.93690490723,-1,
R_2E7g7Lq9uJbaORH,Default Response Set,Anonymous,,,142.58.41.232,0,2017-03-31 17:07:47,2017-03-31 17:22:26,1,145,1,71,1,4,2,2,4,5,4,5,4,4,3,3,3,1,4,5,3,5,6,5,4,3,1,6,4,4,3,4,4,5,4,4,3,3,5,4,3,5,5,4,5,4,6,4,6,6,7,6,4,2,5,5,4,4,4,2,3,3,2,1,3,4,5,3,4,5,2,2,3,2,3,4,4,4,2,4,3,5,1,18,italian,criminology,,9,9,9,4,,,,,,,,,,,,,,,,,,,,,,,,,,,,,,,,,,,,,,,,,,,,,,,,,,,,,,,,,,,,,,,,,,,,,,,,,,,,,,,,,,,,,,,,,49.264007568359,-122.93690490723,-1,
R_3CZAO7RVvyDpc6A,Default Response Set,Anonymous,,,142.58.41.232,0,2017-03-31 17:34:42,2017-03-31 17:38:56,1,146,1,50,1,5,5,1,1,1,1,5,5,5,5,5,5,1,7,7,1,1,1,1,1,1,1,7,1,1,1,1,1,1,1,1,1,1,7,7,7,7,7,7,7,7,7,7,7,7,7,7,7,7,7,7,7,4,4,4,4,5,5,5,5,1,5,5,5,5,1,1,1,2,3,3,3,3,3,3,3,3,1,21,Hindi,Crim,1,8,8,8,2,,,,,,,,,,,,,,,,,,,,,,,,,,,,,,,,,,,,,,,,,,,,,,,,,,,,,,,,,,,,,,,,,,,,,,,,,,,,,,,,,,,,,,,,,49.264007568359,-122.93690490723,-1,
R_2dKoJN7weqxSYuo,Default Response Set,Anonymous,,,142.58.41.232,0,2017-04-06 09:42:35,2017-04-06 11:33:06,1,147,1,91,1,3,3,4,3,3,3,3,3,3,2,2,2,1,7,6,5,3,5,6,5,5,3,6,5,2,2,3,5,3,5,5,3,5,6,3,3,5,1,5,5,5,5,3,5,7,7,7,1,1,1,1,5,4,4,4,4,5,2,1,4,4,5,3,4,5,3,5,4,1,5,5,4,5,1,4,1,4,1,20,Caucasian,Undeclared,15,2,1,1,2,,,,,,,,,,,,,,,,,,,,,,,,,,,,,,,,,,,,,,,,,,,,,,,,,,,,,,,,,,,,,,,,,,,,,,,,,,,,,,,,,,,,,,,,,49.264007568359,-122.93690490723,-1,
R_emniWlO56JfHGYF,Default Response Set,Anonymous,,,142.58.41.232,0,2017-04-06 11:34:01,2017-04-06 11:50:35,1,148,1,70,1,2,3,3,2,3,3,4,1,3,3,3,3,1,6,6,2,2,4,2,4,1,2,5,1,4,1,1,6,4,4,5,2,1,4,2,2,2,1,2,4,2,5,2,5,4,6,6,3,2,2,2,6,4,3,3,2,4,4,2,1,5,5,2,3,4,2,4,2,1,4,4,4,5,1,4,1,4,1,19,Caucasian/White,Business,10,6,6,3,3,,,,,,,,,,,,,,,,,,,,,,,,,,,,,,,,,,,,,,,,,,,,,,,,,,,,,,,,,,,,,,,,,,,,,,,,,,,,,,,,,,,,,,,,,49.264007568359,-122.93690490723,-1,
R_3eliB2bJgXeASLc,Default Response Set,Anonymous,,,142.58.41.202,0,2017-04-06 12:47:19,2017-04-06 12:56:24,1,149,1,35,1,1,1,2,1,5,5,4,5,5,4,4,4,1,7,6,5,1,6,3,4,5,1,6,2,6,2,1,7,5,6,3,3,5,7,3,1,1,4,2,2,2,6,1,6,6,7,6,1,1,3,3,6,4,4,4,4,5,1,1,2,5,5,4,5,3,1,2,4,1,4,5,5,5,3,4,3,5,2,18,iranian,criminology,7,2,1,1,4,,,,,,,,,,,,,,,,,,,,,,,,,,,,,,,,,,,,,,,,,,,,,,,,,,,,,,,,,,,,,,,,,,,,,,,,,,,,,,,,,,,,,,,,,49.264007568359,-122.93690490723,-1,
R_2SeSd8vii5t96sw,Default Response Set,Anonymous,,,142.58.41.202,0,2017-04-06 13:44:24,2017-04-06 13:54:58,1,150,1,50,1,2,3,5,3,4,4,4,4,4,5,4,4,1,6,5,3,3,2,5,5,2,2,6,2,1,5,1,3,3,5,5,3,3,3,2,1,2,2,3,5,2,4,2,5,6,7,6,6,2,1,2,6,4,4,3,3,5,4,1,5,4,5,5,5,4,2,4,5,1,3,5,5,5,4,4,5,4,2,19,chinese,psycholoy,8,1,1,1,1,,,,,,,,,,,,,,,,,,,,,,,,,,,,,,,,,,,,,,,,,,,,,,,,,,,,,,,,,,,,,,,,,,,,,,,,,,,,,,,,,,,,,,,,,49.264007568359,-122.93690490723,-1,
R_vf9hxj0Utmopo2Z,Default Response Set,Anonymous,,,142.58.41.202,0,2017-04-06 14:10:56,2017-04-06 14:20:33,1,151,1,70,1,3,2,3,2,4,4,3,4,4,4,4,4,1,7,6,5,1,6,1,3,3,2,6,2,3,1,1,5,3,3,5,3,3,7,2,2,6,2,1,6,5,5,5,7,7,7,7,2,1,1,1,5,4,4,3,3,5,2,1,4,4,5,2,4,2,1,2,2,1,4,4,4,4,2,3,2,5,2,19,Chinese,English,3,2,2,2,1,,,,,,,,,,,,,,,,,,,,,,,,,,,,,,,,,,,,,,,,,,,,,,,,,,,,,,,,,,,,,,,,,,,,,,,,,,,,,,,,,,,,,,,,,49.264007568359,-122.93690490723,-1,
R_2flIhAA13HSJUWw,Default Response Set,Anonymous,,,142.58.41.202,0,2017-04-06 14:52:32,2017-04-06 14:58:25,1,152,1,70,1,3,1,5,3,4,4,4,4,4,3,4,4,1,6,6,6,2,6,3,2,6,2,6,6,6,2,2,5,3,3,5,5,5,5,5,3,5,5,2,3,5,5,3,6,6,6,6,3,2,2,2,6,3,3,2,4,3,4,4,2,4,5,2,4,5,3,5,2,2,4,4,4,2,2,4,1,4,2,18,Indian,Psychology,7,2,3,5,1,,,,,,,,,,,,,,,,,,,,,,,,,,,,,,,,,,,,,,,,,,,,,,,,,,,,,,,,,,,,,,,,,,,,,,,,,,,,,,,,,,,,,,,,,49.264007568359,-122.93690490723,-1,
R_6RU3FNXEFPTETXr,Default Response Set,Anonymous,,,142.58.41.202,0,2017-04-06 15:13:00,2017-04-06 15:20:39,1,153,1,65,1,2,2,5,3,3,3,4,5,4,4,4,4,1,6,3,4,3,5,7,3,2,3,3,2,2,2,5,6,5,4,5,3,3,2,2,1,5,5,3,4,6,5,4,5,4,7,6,3,3,2,2,5,3,3,3,2,4,1,1,1,5,4,5,5,4,2,1,3,2,5,4,5,5,2,4,3,4,1,18,Indian,Biomedical Physiology,12,2,2,2,2,,,,,,,,,,,,,,,,,,,,,,,,,,,,,,,,,,,,,,,,,,,,,,,,,,,,,,,,,,,,,,,,,,,,,,,,,,,,,,,,,,,,,,,,,49.264007568359,-122.93690490723,-1,
R_Y6rbv6FLDLGYvMl,Default Response Set,Anonymous,,,142.58.41.202,0,2017-04-06 15:41:25,2017-04-06 15:51:06,1,154,1,70,1,1,1,3,2,3,3,2,3,4,3,3,3,1,7,4,4,3,4,3,4,4,2,6,3,2,5,2,4,4,5,4,3,4,5,3,4,3,5,2,5,5,5,4,6,5,6,6,4,1,1,1,5,3,3,3,3,4,1,1,4,5,5,2,5,4,2,2,3,2,4,5,5,5,2,4,4,4,2,20,chinese,criminology ,1,3,4,4,1,,,,,,,,,,,,,,,,,,,,,,,,,,,,,,,,,,,,,,,,,,,,,,,,,,,,,,,,,,,,,,,,,,,,,,,,,,,,,,,,,,,,,,,,,49.264007568359,-122.93690490723,-1,
R_29ppMDJjXvYmDuN,Default Response Set,Anonymous,,,142.58.41.208,0,2017-04-07 11:08:21,2017-04-07 11:15:24,1,155,1,60,1,1,1,2,1,5,4,4,4,5,4,5,4,1,6,4,3,2,4,5,2,2,1,5,2,2,2,1,6,4,4,2,3,2,5,3,1,4,2,3,5,3,3,1,6,6,6,6,3,2,3,4,6,4,4,3,4,5,4,1,3,5,4,5,5,2,5,2,4,1,4,5,5,5,3,4,3,4,2,18,east-indian,not sure yet,4,2,2,3,1,,,,,,,,,,,,,,,,,,,,,,,,,,,,,,,,,,,,,,,,,,,,,,,,,,,,,,,,,,,,,,,,,,,,,,,,,,,,,,,,,,,,,,,,,49.264007568359,-122.93690490723,-1,
R_3MoJtBJWtE1bHW2,Default Response Set,Anonymous,,,142.58.41.232,0,2017-04-07 11:21:45,2017-04-07 11:51:16,1,156,1,60,1,2,3,3,2,4,3,3,3,4,3,3,3,1,5,5,4,4,5,5,3,3,3,5,3,4,4,3,6,4,2,5,2,4,4,3,3,5,4,3,5,4,3,4,6,5,6,5,4,3,3,3,5,3,3,2,3,3,2,2,3,4,3,2,4,3,2,3,3,2,2,3,3,4,2,3,2,3,1,18,Asian,"Psychology, trying to transfer into Computer Science",4,8,8,8,2,,,,,,,,,,,,,,,,,,,,,,,,,,,,,,,,,,,,,,,,,,,,,,,,,,,,,,,,,,,,,,,,,,,,,,,,,,,,,,,,,,,,,,,,,49.264007568359,-122.93690490723,-1,
R_2ONGESWpWBPLXaO,Default Response Set,Anonymous,,,142.58.41.232,0,2017-04-07 11:53:33,2017-04-07 12:21:00,1,157,1,50,1,4,3,4,3,4,3,1,3,3,4,1,4,1,6,5,4,6,5,6,3,4,4,4,4,4,3,6,3,7,3,4,4,3,6,5,4,5,1,5,7,6,3,5,2,5,5,2,6,5,6,6,5,3,2,2,1,2,2,3,2,4,5,4,4,5,3,4,4,1,4,5,5,4,2,3,2,3,1,21,Chinese ,Criminology ,15,6,6,6,3,,,,,,,,,,,,,,,,,,,,,,,,,,,,,,,,,,,,,,,,,,,,,,,,,,,,,,,,,,,,,,,,,,,,,,,,,,,,,,,,,,,,,,,,,49.264007568359,-122.93690490723,-1,
R_DMhugWCOucqlm8h,Default Response Set,Anonymous,,,142.58.41.232,0,2017-04-07 12:21:57,2017-04-07 12:52:58,1,158,1,49,1,2,1,3,2,4,3,3,4,3,3,4,3,1,6,6,5,2,5,2,2,5,3,4,4,2,2,3,6,5,4,4,5,4,5,2,2,5,4,2,6,5,5,4,5,5,6,7,4,3,1,6,5,3,2,3,1,4,1,2,3,5,5,5,5,3,3,2,5,2,3,3,5,4,4,3,3,4,2,18,filipino,criminology,6,8,8,8,2,,,,,,,,,,,,,,,,,,,,,,,,,,,,,,,,,,,,,,,,,,,,,,,,,,,,,,,,,,,,,,,,,,,,,,,,,,,,,,,,,,,,,,,,,49.264007568359,-122.93690490723,-1,
R_28HtTuWUYE1O8Yv,Default Response Set,Anonymous,,,142.58.41.232,0,2017-04-07 12:55:54,2017-04-07 13:16:30,1,159,1,40,1,4,5,4,4,5,5,4,4,5,4,4,4,1,6,5,3,,5,2,2,5,4,6,2,5,2,2,6,2,5,4,2,3,6,5,6,4,5,2,4,4,3,2,5,5,6,6,4,4,2,2,6,4,4,4,4,4,1,2,5,5,5,3,5,4,2,1,3,1,2,4,5,5,1,4,1,5,2,20,chinese,psychology,6,8,8,8,4,,,,,,,,,,,,,,,,,,,,,,,,,,,,,,,,,,,,,,,,,,,,,,,,,,,,,,,,,,,,,,,,,,,,,,,,,,,,,,,,,,,,,,,,,49.264007568359,-122.93690490723,-1,
R_3iyELieYPiNMg4g,Default Response Set,Anonymous,,,142.58.41.232,0,2017-04-07 13:19:13,2017-04-07 14:19:14,1,160,1,81,1,2,1,2,1,2,2,3,4,4,3,3,3,1,4,3,3,2,5,3,2,5,4,5,2,2,3,4,5,4,4,5,2,2,4,2,3,2,1,1,5,4,5,2,6,5,6,6,4,2,4,4,4,3,3,3,3,5,2,1,2,5,5,4,5,4,1,4,3,1,4,4,4,5,2,2,2,5,2,18,"half Korean, hald British ",Criminology ,9,8,8,8,,,,,,,,,,,,,,,,,,,,,,,,,,,,,,,,,,,,,,,,,,,,,,,,,,,,,,,,,,,,,,,,,,,,,,,,,,,,,,,,,,,,,,,,,,49.264007568359,-122.93690490723,-1,
R_sbZXVYhWgWEtSJX,Default Response Set,Anonymous,,,142.58.41.232,0,2017-04-07 14:21:31,2017-04-07 14:47:47,1,161,1,90,1,3,4,4,4,5,5,4,5,4,5,5,5,1,7,5,6,4,3,2,2,6,2,6,3,1,1,1,6,2,6,6,6,2,7,1,1,1,1,1,6,1,1,1,6,6,7,7,2,1,1,5,7,4,3,4,2,5,1,1,1,5,5,1,5,5,2,2,1,1,5,1,5,1,1,5,1,5,1,19,canadian/pakistani,IAT,13,8,8,,1,,,,,,,,,,,,,,,,,,,,,,,,,,,,,,,,,,,,,,,,,,,,,,,,,,,,,,,,,,,,,,,,,,,,,,,,,,,,,,,,,,,,,,,,,49.264007568359,-122.93690490723,-1,
R_2SBrrpWz6pPGh9K,Default Response Set,Anonymous,,,142.58.41.232,0,2017-04-07 14:48:31,2017-04-07 16:31:42,1,162,1,65,1,4,4,4,4,3,3,3,3,4,3,3,3,1,6,6,3,6,7,3,5,2,1,6,3,3,3,3,5,4,5,3,4,3,3,3,2,5,2,7,4,3,4,3,,5,6,6,5,3,3,3,3,3,4,3,3,4,2,2,3,4,4,3,3,3,3,2,3,2,3,4,4,4,3,3,3,4,1,18,Chinese,Computer Science,4,8,8,8,4,,,,,,,,,,,,,,,,,,,,,,,,,,,,,,,,,,,,,,,,,,,,,,,,,,,,,,,,,,,,,,,,,,,,,,,,,,,,,,,,,,,,,,,,,49.264007568359,-122.93690490723,-1,
R_1ZGQXw830uJNPHj,Default Response Set,Anonymous,,,142.58.41.232,0,2017-04-07 16:34:49,2017-04-07 16:55:43,1,163,1,71,1,1,1,1,1,2,3,2,3,2,4,3,4,1,3,4,2,2,5,4,3,3,2,7,1,4,2,2,4,2,4,4,3,2,3,1,2,4,2,3,4,2,2,2,4,5,5,4,4,2,2,3,4,3,2,3,2,5,3,5,3,4,4,5,4,3,1,1,4,1,3,4,4,4,3,4,3,4,2,20,chinese,communications,4,8,8,8,4,,,,,,,,,,,,,,,,,,,,,,,,,,,,,,,,,,,,,,,,,,,,,,,,,,,,,,,,,,,,,,,,,,,,,,,,,,,,,,,,,,,,,,,,,49.264007568359,-122.93690490723,-1,
R_3fVqLKiqfOxfWiR,Default Response Set,Anonymous,,,142.58.41.232,0,2017-04-07 16:58:21,2017-04-07 17:24:19,1,164,1,20,1,4,2,4,3,4,4,4,4,5,,4,4,1,6,6,6,6,6,5,2,6,2,6,6,2,2,2,5,2,6,2,5,,6,6,2,6,6,6,2,5,6,5,6,6,6,7,7,1,1,1,5,4,,3,3,4,3,3,4,1,4,4,5,3,3,2,4,2,3,4,4,5,4,4,3,4,2,21,indian,pyschology,1,2,2,6,2,,,,,,,,,,,,,,,,,,,,,,,,,,,,,,,,,,,,,,,,,,,,,,,,,,,,,,,,,,,,,,,,,,,,,,,,,,,,,,,,,,,,,,,,,49.264007568359,-122.93690490723,-1,
R_yszhEnO1I2ny7n3,Default Response Set,Anonymous,,,142.58.41.232,0,2017-04-07 17:25:58,2017-04-07 17:56:17,1,165,1,75,1,4,4,5,4,2,5,4,2,2,4,3,3,1,5,6,5,2,6,2,3,5,2,5,4,6,1,4,5,5,3,4,6,3,3,2,4,4,2,1,4,4,1,5,6,4,3,3,4,6,4,5,6,2,2,3,2,3,1,3,2,4,4,4,5,5,5,5,2,4,5,2,4,3,1,2,4,4,1,19,Chinese,Undeclared,1,6,5,7,4,,,,,,,,,,,,,,,,,,,,,,,,,,,,,,,,,,,,,,,,,,,,,,,,,,,,,,,,,,,,,,,,,,,,,,,,,,,,,,,,,,,,,,,,,49.264007568359,-122.93690490723,-1,
R_2rDGhriicHcbVwf,Default Response Set,Anonymous,,,142.58.41.232,0,2017-04-07 18:01:28,2017-04-07 18:05:49,1,166,1,99,1,1,1,2,1,2,3,4,3,2,2,3,4,1,5,7,7,4,5,3,3,5,2,5,1,6,3,3,4,4,3,5,3,3,4,4,3,4,3,5,3,6,5,5,6,7,6,5,4,3,2,1,4,4,4,3,3,1,2,3,4,5,5,4,3,2,1,2,3,4,5,4,3,2,1,2,3,4,2,23,South Asian,Computer,15,1,1,1,2,,,,,,,,,,,,,,,,,,,,,,,,,,,,,,,,,,,,,,,,,,,,,,,,,,,,,,,,,,,,,,,,,,,,,,,,,,,,,,,,,,,,,,,,,49.264007568359,-122.93690490723,-1,
R_24cpPJMoB39ccN8,Default Response Set,Anonymous,,,142.58.41.208,0,2017-04-07 11:17:43,2017-04-07 11:21:59,0,156,,,,,,,,,,,,,,,,,,,,,,,,,,,,,,,,,,,,,,,,,,,,,,,,,,,,,,,,,,,,,,,,,,,,,,,,,,,,,,,,,,,,,,,,,,,,,,,,,,,,,,,,,,,,,,,,,,,,,,,,,,,,,,,,,,,,,,,,,,,,,,,,,,,,,,,,,,,,,,,,,,,,,,,,,,,,,,,,,,,,-1,
R_1opbDlkteAsslm9,Default Response Set,Anonymous,,,142.58.41.232,0,2017-06-06 12:34:20,2017-06-06 12:38:08,0,51,1,,,,,,,,,,,,,,,,,,,,,,,,,,,,,,,,,,,,,,,,,,,,,,,,,,,,,,,,,,,,,,,,,,,,,,,,,,,,,,,,,,,,,,,,,,,,,,,,,,,,,,,,,,,,,,,,,,,,,,,,,,,,,,,,,,,,,,,,,,,,,,,,,,,,,,,,,,,,,,,,,,,,,,,,,,,,,,,,,,,-1,
