V1,V2,V3,V4,V5,V6,V7,V8,V9,V10,place1,place2,pcode,Q22,happy,Q63,att1,att2,att3,att4,att5,att6,att7,att8,att9,att10,att11,att12,att13,att14,att15,att16,att17,att18,att19,att20,att21,att22,att23,att24,att25,att26,att27,att28,att29,att30,tol1,tol2,tol3,tol4,tol5,obese1,obese2,obese3,obese4,obese5,obese6,obese7,obese8,obese9,obese10,obese11,obese12,obese13,obese14,obese15,Q89,wealthatt1,wealthatt2,wealthatt3,wealthatt4,finsit1,finsit2,finsit3,finsit4,finsit5,finsit6,finsit7,finsit8,finsit9,finsit10,finsit11,finsit12,finsit13,finsit14,finsit15,crime1,crime2,crime3,crime4,crime5,crime6,crime7,crime8,crime9,crime10,crime11,crime12,causeineq1,causeineq2,causeineq3,causeineq4,causeineq5,causeineq6,causeineq7,causeineq8,causeineq9,causeineq10,causeineq11,causeineq12,redist1,redist2,redist3,redist4,merit1,merit2,merit3,merit4,merit5,merit6,causal1,causal2,causal3,causal4,causal5,causal6,gender,age,ethnicity,major,income,ideology,soc.iss,econ.iss,partyid,recall.part,open.check,recall.cond,cond.descript,recall.hyp,hyp.describe,close.cond.check,time
R_1rppDnc8dZv44GM,Default Response Set,Anonymous,,,184.65.167.144,0,15/05/2018 18:04,15/05/2018 18:18,1,,,26220,1,62,1,5,5,6,2,2,1,1,5,3,5,3,5,1,2,6,1,2,5,1,2,5,2,1,1,2,1,5,5,4,2,7,7,6,2,2,3,5,3,2,2,6,3,3,3,5,3,5,5,5,2,1,2,2,4,4,5,4,4,4,4,4,5,4,5,7,4,5,3,4,4,6,6,6,6,6,6,5,4,4,3,2,6,4,4,5,4,4,3,4,4,3,2,3,3,4,4,4,4,3,3,1,1,2,1,5,6,7,6,3,4,2,20,Middle East,Crim,4,3,3,3,1,1,Attitudes towards inequality and social issues based on how happy I am ,2,NA,2,NA,1,3
R_3nw7257HKlbhBEF,Default Response Set,Anonymous,,,64.114.222.116,0,18/05/2018 15:21,18/05/2018 16:59,1,,,60477,1,59,1,7,6,5,3,5,3,5,5,2,6,3,3,2,2,5,3,6,4,3,2,6,3,3,2,3,3,5,3,5,2,7,6,5,2,1,5,6,5,3,3,2,3,5,6,5,3,3,3,2,5,1,3,4,4,4,6,4,4,4,6,6,5,6,5,5,4,5,2,5,4,5,5,5,2,3,5,2,2,2,3,2,6,4,4,5,4,5,4,3,3,3,3,3,4,3,3,2,2,5,5,5,2,5,3,5,5,6,3,3,4,2,18,White,Crimimology,15,3,2,6,1,1,It was about how economic opportunities affect crime and poverty,1,Reading an article and doing a survey,2,NA,1,3
R_1exv3Gj6wE79CPt,Default Response Set,Anonymous,,,24.86.12.253,0,19/05/2018 0:45,19/05/2018 1:10,1,,,22167,1,13,1,2,5,2,1,7,1,1,5,2,5,5,3,1,2,6,2,3,4,2,7,6,2,1,2,1,1,6,2,2,2,7,7,7,1,1,5,5,2,5,2,5,2,2,5,3,2,5,5,7,5,1,2,4,5,4,4,5,6,6,6,5,7,7,6,7,7,6,1,7,6,6,5,3,7,7,7,6,2,5,6,3,6,4,3,2,5,4,4,3,3,4,5,1,5,2,4,2,2,3,3,2,1,3,1,2,7,3,7,1,4,2,23,Indian,Health Science,4,4,3,3,2,1,"Based on the person's current emotions, what are their perceptions of society",2,NA,2,NA,1,3
R_3lRnfHrBoGmUY3F,Default Response Set,Anonymous,,,173.177.3.218,0,19/05/2018 10:49,19/05/2018 11:08,1,,,61875,1,65,1,5,3,2,1,5,3,3,5,5,6,5,3,3,2,6,2,3,5,1,5,5,2,1,5,2,1,5,5,3,2,6,6,6,3,1,6,6,4,5,5,2,5,5,6,6,5,6,6,3,5,1,2,2,4,4,7,5,4,3,4,5,7,3,4,4,3,7,3,6,4,7,5,6,5,6,3,2,1,2,3,1,6,4,5,4,4,4,4,4,3,3,3,2,3,4,4,3,3,5,5,2,2,6,3,3,7,3,6,2,3,2,19,Chinese,Business,7,2,3,2,1,1,"I took the same survey as this one, but twice. One in the lab and one online later that day.",2,N/A,2,N/A,1,3
R_3ZUIAn0QcOR1V1T,Default Response Set,Anonymous,,,93.184.238.211,0,21/05/2018 5:01,21/05/2018 5:40,1,,,47157,1,100,1,7,6,1,6,5,6,5,1,1,5,2,1,5,1,1,2,5,2,2,1,5,5,3,5,1,7,2,1,5,1,6,6,7,4,1,2,6,1,6,2,3,5,5,1,7,4,6,6,5,4,1,4,4,2,3,6,7,7,5,4,6,4,1,5,6,7,5,1,5,1,5,5,4,6,5,4,4,1,5,4,4,4,3,2,3,4,5,4,3,5,4,5,5,5,4,4,4,4,7,7,7,4,4,4,7,7,7,7,7,7,2,18,Caucasian ,Psychology ,1,8,8,8,4,1,I don’t remember ,2,NA,2,NA,1,3
R_3GB2SJsuSl4rKDf,Default Response Set,Anonymous,,,50.92.162.229,0,25/05/2018 17:13,25/05/2018 17:48,1,,,18992,1,65,1,6,6,5,2,5,2,2,4,2,5,3,7,3,3,6,4,2,3,2,2,5,3,2,2,2,2,2,5,5,3,6,6,6,5,1,5,6,5,5,5,3,5,3,5,6,3,5,2,4,6,1,3,4,4,4,7,6,5,3,6,7,7,5,5,5,6,6,4,6,6,6,4,5,3,3,2,4,4,2,3,2,6,5,4,4,5,5,4,5,3,2,2,2,4,3,4,3,3,5,5,3,3,5,5,7,4,5,5,5,4,1,22,Asian,Criminology,5,5,5,2,3,1,"No, sorry I forgot what the study was about.",2,NA,2,NA,1,3
R_1n7KgntSVIPtvUz,Default Response Set,Anonymous,,,207.228.78.104,0,25/05/2018 18:49,25/05/2018 19:06,1,,,69844,1,100,1,5,6,2,2,5,6,3,2,1,6,1,4,2,1,5,2,6,1,2,2,2,3,1,3,1,2,4,1,3,1,5,6,6,2,1,6,5,3,3,2,2,5,3,5,6,5,3,2,1,5,1,2,4,4,4,7,7,5,3,6,5,7,5,4,5,3,7,1,5,4,5,5,3,5,2,5,4,2,5,5,1,6,4,3,3,4,4,4,5,4,4,4,4,4,4,2,3,3,3,3,2,1,3,2,4,6,3,6,1,4,2,19,white,psychology,15,8,8,8,1,1,I did too many to remember specifically,2,NA,2,NA,1,3
R_1eOTssCTUCXCXju,Default Response Set,Anonymous,,,70.71.185.140,0,26/05/2018 17:29,26/05/2018 17:35,1,,,48060,1,82,1,4,4,4,5,5,5,5,5,4,4,5,5,4,3,3,5,3,3,5,6,3,6,5,3,5,3,6,5,5,3,5,6,3,5,5,3,3,5,3,6,3,5,5,5,5,5,5,5,5,3,1,4,4,2,4,5,5,5,5,4,3,5,5,5,4,4,4,5,5,4,4,4,5,3,5,3,5,4,5,5,3,4,3,4,3,4,4,4,3,4,3,3,4,4,3,2,3,4,5,5,4,4,5,4,5,4,4,5,4,3,1,23,Indian,Kinesiology,1,2,1,8,2,2,People's perspective on society and issues affecting society,2,N/A,2,NA,1,3
R_UWTk7MgAAqA5T2N,Default Response Set,Anonymous,,,1.36.52.192,0,28/05/2018 1:40,28/05/2018 1:53,1,,,73449,1,81,1,5,4,2,4,5,5,6,2,4,5,3,3,4,3,3,4,5,2,3,2,5,3,2,4,1,4,4,3,5,3,5,4,5,4,2,5,7,5,3,4,3,6,6,6,5,5,5,5,4,5,1,3,3,5,4,5,6,5,4,4,4,5,3,5,4,5,4,2,5,4,5,3,5,5,4,4,5,4,4,5,1,5,4,2,4,4,4,3,3,3,3,3,4,4,3,3,3,3,6,5,5,4,5,5,3,5,5,5,4,5,2,18,Chinese,Psychology,2,3,3,3,1,1,Your personal views on some particular issue,2,NA,2,NA,1,3
R_3fuAiyAevhSGXVn,Default Response Set,Anonymous,,,207.23.204.10,0,28/05/2018 13:00,28/05/2018 13:18,1,,,94052,1,30,1,6,3,5,3,5,2,1,3,3,3,1,3,1,1,6,3,3,4,2,3,3,5,1,3,5,2,6,5,5,5,6,7,6,2,2,6,5,3,2,4,3,5,5,4,3,3,5,5,3,5,1,3,4,4,4,5,6,5,5,5,6,6,4,4,4,3,4,2,2,5,5,5,5,5,5,5,3,3,5,5,1,5,2,4,3,3,4,3,2,3,4,3,4,3,3,3,3,3,3,5,3,2,3,3,7,7,7,5,7,7,2,20,Chinese,Criminology and Sociology,11,6,6,6,2,1,views on society,2,NA,2,NA,1,3
R_1pQYSRYkRG9fcDG,Default Response Set,Anonymous,,,70.70.224.34,0,31/05/2018 15:44,31/05/2018 16:00,1,,,46944,1,69,1,5,5,3,2,6,5,4,4,2,5,2,4,3,4,5,3,4,4,3,5,5,2,2,4,5,3,6,6,5,4,5,6,4,4,3,2,5,4,4,2,3,2,5,5,4,5,6,5,6,4,1,2,3,3,4,6,4,5,4,7,3,6,4,5,4,5,6,3,4,5,5,5,5,4,5,5,3,2,5,3,4,6,3,4,4,3,4,3,4,3,2,4,2,4,4,2,2,3,4,6,3,2,3,4,1,7,4,7,2,4,2,18,Filipino & Indian ,Economics ,12,3,2,4,1,1,About with how much you can do and survive with a certain amount of money based on the decision you make ,2,NA,2,NA,1,3
R_2cqoAm1LSYMYV5y,Default Response Set,Anonymous,,,108.172.51.209,0,31/05/2018 16:28,31/05/2018 16:39,1,,,32344,1,70,1,5,6,6,2,6,2,2,6,2,6,2,4,2,5,6,3,3,5,2,5,4,5,3,4,5,1,2,4,5,3,5,5,5,3,2,5,6,6,5,5,5,5,5,3,3,5,6,5,5,5,1,4,4,4,3,6,5,4,5,5,6,5,4,3,5,3,5,2,1,5,5,5,5,6,6,6,4,2,2,1,1,6,2,2,3,3,4,2,4,4,4,3,2,4,3,3,3,4,5,5,2,1,2,1,4,5,4,4,3,4,2,21,Korean,Criminology ,1,5,5,5,2,1,It was on videos of a two people giving some money back and forth ,2,NA,2,NA,1,3
R_2v3bvVnrVegZRT9,Default Response Set,Anonymous,,,162.245.252.29,0,31/05/2018 16:42,31/05/2018 16:52,1,,,57298,1,60,1,4,5,4,2,2,4,2,6,2,6,4,5,2,2,6,4,4,2,2,5,4,4,4,3,2,3,6,4,6,2,5,6,6,4,2,,,,,,,,,,,,,,,,1,,,,,,,,5,,,5,,,,,3,,4,,,,,,,,,,,,,,,,,,,,,,,,,,,,,,,,3,,,,,,,,,,2,20,Indian ,Health sciences ,1,9,4,4,4,1,This study was about inequality and economic issues and the reason of poverty ,2,NA,2,NA,1,3
R_6uobZWR8GFOY1QB,Default Response Set,Anonymous,,,70.79.45.68,0,31/05/2018 17:33,31/05/2018 17:49,1,,,13526,1,82,1,7,7,1,3,4,1,5,1,4,6,1,4,3,2,3,1,1,2,1,1,7,3,2,2,2,3,3,1,5,1,5,5,4,3,1,5,6,1,1,1,1,1,6,1,5,5,1,1,1,5,1,2,4,2,3,7,7,7,7,4,7,7,4,4,4,4,4,1,5,4,5,1,7,3,5,5,1,3,1,1,1,7,1,3,5,1,5,5,1,5,5,5,5,5,4,3,4,4,6,6,7,3,6,6,7,4,7,1,1,7,2,22,asian ,crim,1,3,3,8,4,1,I was playing a computer game and I was put in situations where I had a certain amount of money and things kept on coming up and I started to lose money. ,1,condition one where a person was put in a circumstance of unfortunate events (game like) and the other where they weren't participating in a game. ,2,NA,1,3
R_3LZSlRwxlVoWYN0,Default Response Set,Anonymous,,,70.70.9.69,0,01/06/2018 20:37,01/06/2018 20:48,1,,,42506,1,71,1,5,6,3,2,4,2,3,2,2,6,2,4,3,1,5,1,5,4,3,2,4,1,1,3,1,3,4,1,3,1,5,6,2,3,2,3,3,1,2,1,6,2,1,4,1,2,5,6,6,4,1,2,4,4,5,5,5,4,5,3,5,6,3,3,5,3,6,2,2,4,4,5,5,6,6,5,1,1,1,3,2,5,4,4,5,4,4,4,5,2,3,3,2,3,3,4,3,3,4,4,2,2,3,2,3,7,3,3,2,5,2,19,Caucasion,Communications,9,8,8,8,4,1,This study was about how ones happiness and individual position impacts their sympathy towards social issues. ,2,NA,1,If happiness impacts social sympathy,1,3
R_3haVUpaNxrS9XAr,Default Response Set,Anonymous,,,75.156.89.87,0,03/06/2018 2:45,03/06/2018 2:57,1,,,12250,1,92,1,6,4,2,4,5,4,4,3,2,6,2,3,3,2,5,4,4,4,3,3,5,1,2,5,4,4,4,3,7,1,6,7,7,4,1,5,5,2,4,1,5,3,4,6,5,5,6,6,4,5,1,3,2,3,3,7,7,6,7,6,6,6,4,6,4,7,7,5,5,6,4,5,5,4,7,5,6,5,6,6,5,4,4,5,4,5,5,4,3,5,4,5,5,4,4,4,4,4,7,6,6,6,7,6,5,5,2,6,4,5,2,19,filipino-chinese,kin,5,8,8,8,4,1,"how someone's own happiness affects his/her empathy towards others,",2,NA,2,NA,1,3
R_2dvamoABPyCKiVg,Default Response Set,Anonymous,,,64.180.192.215,0,04/06/2018 20:56,04/06/2018 21:01,1,,,14612,1,60,1,5,4,4,4,5,4,4,3,5,4,3,4,4,5,5,5,5,4,5,4,5,3,4,5,5,6,6,4,4,3,5,3,4,3,5,6,5,6,5,4,4,5,6,4,5,6,5,4,4,5,1,4,3,4,3,4,5,4,4,3,5,4,4,5,4,5,5,6,4,4,5,6,5,4,6,5,4,5,5,5,6,6,3,3,3,4,4,3,2,4,2,3,4,3,3,3,2,2,5,4,4,5,5,4,5,6,5,4,5,4,1,20,CHINESE,PSYCHOLOGY,6,2,,2,1,1,read a passage and do a survey,2,na,2,na,1,3
R_3QXmycKsKdwCvKF,Default Response Set,Anonymous,,,173.180.57.63,0,10/05/2018 18:27,10/05/2018 19:38,1,,,94523,1,65,1,6,5,3,5,5,2,5,5,3,5,3,2,2,3,5,3,4,5,3,5,5,3,5,3,4,1,3,5,5,4,5,3,5,5,3,5,6,4,5,4,3,5,5,6,3,5,5,4,5,5,1,2,2,4,3,6,7,6,5,5,4,2,4,5,5,5,3,5,6,5,5,5,6,5,3,5,4,4,5,3,3,5,1,3,5,2,4,5,3,3,5,5,4,5,3,3,2,3,5,5,5,4,5,3,4,4,4,4,4,4,2,21,Chinese Canadian,Linguistics,5,8,8,8,1,1,"I remember the study being very similar if not the very same questions regarding poverty, crime, and characteristics necessary for success.",2,NA,2,NA,2,3
R_4SJUPKmirShtqAp,Default Response Set,Anonymous,,,154.20.13.60,0,12/05/2018 6:13,12/05/2018 6:32,1,,,66715,1,70,1,7,6,2,2,6,2,4,4,1,6,2,6,4,2,6,2,3,2,1,2,6,3,2,1,2,1,3,2,5,2,5,6,5,2,2,5,4,2,2,2,5,2,2,5,6,2,5,5,5,6,1,1,2,4,4,5,6,3,4,5,6,7,4,4,5,3,7,1,5,4,4,5,5,3,5,5,2,2,2,3,1,4,5,5,5,5,5,4,5,2,2,2,2,3,4,3,3,3,4,3,1,1,2,1,4,5,4,7,2,4,2,22,"First Nations (Nlaka'pamux, Mi'kmaq, Métis, Acadienne)", Molecular biology and biochemistry,1,1,1,2,4,1,Attitudes towards poor people in Canadian society.,2,NA,2,NA,2,3
R_2qDYTr0TBWOtGGT,Default Response Set,Anonymous,,,204.237.82.33,0,12/05/2018 22:52,12/05/2018 23:10,1,,,38589,1,30,1,6,6,2,2,6,2,1,5,2,6,2,4,1,1,6,2,2,4,2,4,6,2,1,2,1,2,4,4,5,1,6,7,5,1,1,3,1,3,1,1,5,1,1,3,5,4,6,5,5,5,1,3,3,3,3,7,6,6,5,4,3,1,6,3,6,5,2,2,1,5,5,4,2,6,5,6,4,2,2,2,1,5,3,3,3,3,3,3,3,3,3,3,3,3,4,4,3,3,5,3,7,1,3,1,4,4,4,4,4,4,2,26,caucasian,psychology,2,3,3,3,1,1,economic inequality?,2,NA,2,NA,2,3
R_3s5jATmrOam9Hg4,Default Response Set,Anonymous,,,142.58.83.224,0,15/05/2018 16:45,15/05/2018 16:57,1,,,69948,1,87,1,6,6,5,2,5,3,2,6,2,6,4,4,2,2,6,2,6,2,2,4,6,2,3,2,2,2,5,2,4,2,6,6,6,2,1,2,1,2,2,2,6,1,2,2,4,2,6,6,2,2,1,2,1,4,4,6,6,4,3,5,5,4,6,5,4,5,1,1,1,4,4,3,3,3,4,6,3,1,1,1,1,1,3,3,3,5,4,3,1,3,3,5,4,4,3,4,4,4,5,1,2,1,5,2,4,7,1,7,3,4,1,19,Sikh,Computing Science,6,9,1,9,3,1,"This study is about seeing economic differences. The example here was given was obesity, and if they worked hard could they get out of it, the same applied to people are unfortunate, if they worked hard could they get out of proverty. And what other issues are involved in this.",2,NA,2,NA,2,3
R_32KQ8VKJldONdAn,Default Response Set,Anonymous,,,209.52.88.187,0,18/05/2018 16:14,18/05/2018 16:27,1,,,99840,1,33,1,6,5,5,3,5,4,2,5,2,5,3,5,2,2,6,2,2,4,3,5,6,5,3,5,3,3,3,3,5,3,5,6,5,3,1,3,5,3,3,2,3,5,3,6,5,3,5,4,5,5,1,3,2,4,4,4,5,4,4,4,4,5,5,4,5,4,6,1,3,3,5,5,5,5,3,3,4,3,4,5,3,5,4,3,5,3,3,5,4,4,2,4,4,4,3,4,3,3,5,3,3,2,3,3,3,7,3,6,3,4,2,18,White,Behavioural neuroscience,10,2,1,2,3,1,I can’t remember.,2,NA,2,NA,2,3
R_3O0qVVRKZ3SBko7,Default Response Set,Anonymous,,,174.6.148.155,0,18/05/2018 20:18,18/05/2018 20:32,1,,,54867,1,90,1,5,6,3,1,5,1,1,3,3,5,2,4,1,1,7,1,4,2,1,3,3,2,1,2,6,1,4,3,2,1,7,7,1,1,1,7,2,2,5,1,3,1,5,7,5,1,5,7,6,7,1,2,3,4,4,4,7,5,2,5,3,7,4,5,6,3,5,3,4,5,3,5,2,7,6,6,2,2,3,3,1,6,4,3,5,5,5,4,5,3,2,3,3,3,4,4,4,4,5,5,6,1,5,1,7,7,7,1,5,4,2,18,Chinese,Psychology ,4,2,2,2,1,1,Cannot remember ,2,NA,2,NA,2,3
R_1Kvc5m38XUwnLke,Default Response Set,Anonymous,,,64.180.38.29,0,18/05/2018 17:44,18/05/2018 21:57,1,,,20659,1,52,1,6,4,5,2,5,3,3,4,3,4,2,4,2,4,5,3,3,4,4,4,5,4,4,5,4,2,4,4,5,3,7,6,5,2,1,5,6,4,5,5,4,5,5,5,6,5,5,5,4,4,1,3,4,4,4,5,5,5,4,5,4,5,4,5,4,5,5,5,6,6,7,6,4,4,4,5,3,3,4,5,3,5,4,4,4,4,4,4,4,4,4,4,4,4,3,3,3,3,5,4,2,3,3,3,6,5,4,4,4,4,2,18,Asian,Criminology ,,8,8,8,4,1,Personal views on society ,2,NA,2,NA,2,3
R_20Pq6bdNRSpGADm,Default Response Set,Anonymous,,,73.254.74.132,0,19/05/2018 14:47,19/05/2018 15:00,1,,,12675,1,76,1,7,6,5,3,6,2,4,6,3,6,4,3,2,2,5,6,5,4,2,6,6,5,1,6,4,3,5,5,5,4,6,6,6,4,2,6,5,6,5,4,3,6,5,5,6,6,5,5,3,6,1,4,4,4,4,6,7,6,7,5,5,5,5,4,5,7,4,2,5,5,6,6,6,5,3,5,4,4,6,4,3,6,2,3,5,2,4,4,3,5,4,5,5,3,4,3,3,3,5,6,6,3,6,4,5,6,5,3,4,6,1,20,Caucasian,"Art, Performace and Cinema Studies",8,2,2,4,1,1,i guess this study was about how differently people of different background perceive social and economic issues,1,"There was like one person that had the choice of keeping the money, and the other would receive what the person would give them and double?",2,NA,2,3
R_UFqnYCSAKQWs2DD,Default Response Set,Anonymous,,,184.65.186.167,0,19/05/2018 21:53,19/05/2018 22:04,1,,,70329,1,39,1,3,5,2,6,3,5,5,2,1,5,3,3,5,2,5,3,4,3,3,3,3,2,2,3,3,5,3,3,3,2,5,5,3,3,2,3,3,3,3,3,3,5,3,2,5,3,4,5,3,2,1,2,2,2,4,6,6,6,6,5,6,4,4,6,4,6,5,4,4,6,5,5,5,5,4,5,4,3,5,5,3,5,4,3,4,4,4,4,3,4,4,4,4,4,4,4,4,4,6,6,6,6,4,6,7,1,7,1,7,1,2,19,Indian ,Crim and Psyc,,9,9,9,3,1,I think this study was about equality. ,2,N/A,2,NA,2,3
R_3Ol8QsgO5G22ybu,Default Response Set,Anonymous,,,70.71.82.34,0,20/05/2018 23:11,20/05/2018 23:26,1,,,75638,1,80,1,7,6,5,2,6,2,4,4,3,6,3,3,3,2,6,5,5,3,5,2,7,3,3,5,4,2,5,5,6,3,6,6,6,2,1,5,5,5,3,3,5,5,5,5,5,3,5,5,2,5,1,4,4,4,4,7,7,6,5,4,6,7,3,4,5,6,6,3,5,6,5,5,5,6,3,5,6,4,3,6,3,5,4,3,5,4,3,4,4,3,3,3,3,3,4,4,3,3,6,6,2,2,6,2,4,6,4,4,2,3,2,20,canadian,Health Sciences,10,2,4,8,3,1,Trying to live life from the perspective of a poor individual in a computer game. ,2,NA,2,NA,2,3
R_2TXocdlepuJl48j,Default Response Set,Anonymous,,,96.48.65.200,0,21/05/2018 16:11,21/05/2018 16:20,1,,,79505,1,35,1,5,4,2,4,2,2,2,3,1,4,4,3,2,3,6,2,5,5,7,5,5,5,4,4,5,2,4,6,6,2,6,7,6,4,1,6,2,5,3,2,4,4,3,3,5,5,6,5,2,6,1,3,3,3,4,7,7,7,6,4,7,5,2,4,6,5,3,3,4,4,6,5,5,5,5,5,4,1,3,2,2,5,3,2,4,4,4,2,4,5,4,5,4,5,4,2,3,3,4,4,4,4,4,4,5,2,6,1,2,1,2,18,Middle Eastern,Behavioural Neuroscience ,14,3,8,8,4,1,Don’t remember ,2,NA,2,NA,2,3
R_bDVVRrjYknyVP4B,Default Response Set,Anonymous,,,66.183.14.148,0,21/05/2018 17:37,21/05/2018 17:48,1,,,47994,1,35,1,6,4,4,5,4,3,2,4,3,5,4,4,4,3,5,4,4,3,4,3,4,4,4,4,3,3,4,4,5,4,6,5,5,4,3,4,4,4,4,3,4,3,5,5,5,3,5,2,3,2,1,3,4,4,4,6,5,6,4,5,5,5,4,5,4,4,6,3,5,5,6,6,5,5,5,6,5,2,3,3,3,6,5,5,3,4,4,5,3,4,5,3,3,4,3,4,2,2,5,5,5,4,4,4,4,7,5,7,4,3,2,18,Chinese Canadian,Criminology,,8,8,8,1,1,Understanding how people live in poverty,2,NA,2,NA,2,3
R_1gO48ibu5KYqhfP,Default Response Set,Anonymous,,,70.68.162.143,0,21/05/2018 17:59,21/05/2018 18:07,1,,,54925,1,51,1,7,6,6,1,6,1,3,7,2,4,2,2,4,2,6,2,4,3,2,3,7,5,4,5,1,6,5,4,6,2,4,4,4,4,4,4,4,4,4,4,4,4,4,4,4,4,4,4,4,4,1,3,3,3,3,4,4,4,4,4,4,4,4,4,4,4,4,4,4,4,4,4,4,4,4,4,4,4,4,4,4,4,3,3,3,3,3,3,3,3,3,3,3,3,3,3,3,3,4,4,4,4,4,4,4,4,4,4,4,4,2,19,white,crime,14,8,8,8,4,2,i dont know,2,na,2,na,2,3
R_stGg9eo1VE7LlKN,Default Response Set,Anonymous,,,172.218.135.86,0,22/05/2018 10:50,22/05/2018 11:06,1,,,79031,1,60,1,5,6,5,3,5,6,3,5,3,5,5,5,3,3,5,3,5,5,3,3,3,3,3,3,3,3,3,3,3,3,6,6,5,3,1,3,5,3,5,2,5,2,3,5,5,3,5,5,3,5,1,2,2,4,3,7,7,6,7,5,3,5,5,5,5,5,5,1,1,6,5,5,3,5,3,5,5,3,3,5,2,5,4,5,4,4,2,4,4,4,4,5,5,5,4,3,3,3,5,5,3,2,5,5,2,3,3,6,1,3,2,21,White,Health Science,9,3,2,4,3,1,"My judgment on inequalities, and attributing the blame to the individual or society",2,NA,2,NA,2,3
R_1EXa5xvSJ8oSoiV,Default Response Set,Anonymous,,,67.183.174.153,0,22/05/2018 19:37,22/05/2018 19:57,1,,,75611,1,40,1,6,6,3,5,5,6,3,2,3,6,1,2,2,2,4,5,5,2,5,2,4,1,2,3,1,5,6,1,6,2,7,7,6,2,2,3,6,3,2,2,3,5,5,6,5,6,3,5,2,2,1,2,4,4,4,7,7,6,5,7,5,4,5,5,4,5,5,1,5,7,7,7,7,7,6,5,5,2,4,3,5,6,4,3,5,3,4,5,4,5,4,5,5,4,4,4,4,4,5,5,5,3,5,6,4,7,7,7,1,4,1,19,South Asian,Criminology,11,3,2,2,1,1,"There were many, one was about financial management, and how external factors can greatly affect ones progress to comfortably live",2,NA,2,NA,2,3
R_Xqhb3ljtd7nhcqt,Default Response Set,Anonymous,,,142.179.126.45,0,22/05/2018 23:35,22/05/2018 23:55,1,,,62673,1,36,1,3,6,3,2,5,5,3,3,2,6,3,4,5,2,5,4,3,3,3,2,4,2,2,3,2,3,4,3,2,2,5,5,3,4,3,3,5,3,5,3,5,3,5,3,5,5,5,5,5,3,1,3,2,4,4,4,3,5,4,5,4,5,4,4,5,3,5,3,5,5,5,4,5,5,5,5,5,3,3,4,2,2,4,4,4,3,4,4,4,4,4,3,3,4,3,3,3,3,3,2,2,2,3,3,2,2,2,3,6,4,1,19,White,Interactive arts and tech,9,3,2,6,1,1,I dont remember,2,NA,2,NA,2,3
R_3h9fWbRddcKuq1v,Default Response Set,Anonymous,,,207.216.57.94,0,22/05/2018 22:22,23/05/2018 0:52,1,,,59332,1,80,1,6,4,3,5,3,5,3,1,3,4,2,2,2,2,5,4,5,1,3,2,6,1,1,6,1,2,5,2,5,1,4,7,7,2,1,6,6,2,5,2,6,5,5,5,1,3,6,5,5,5,1,3,4,4,5,7,7,6,2,5,3,7,6,5,6,7,7,1,4,5,3,3,5,4,5,1,1,1,7,4,3,2,5,3,5,5,4,5,1,5,5,5,5,5,4,4,3,3,7,5,6,3,5,6,4,7,4,7,1,7,2,18,Chinese,Psychology ,2,9,9,9,1,2,"The study researches on political and economic balance of the society, and whether students tend to believe in fate or themselves. Additionally, the effect of an initial study and after effect is studied, I assume. ",2,"NA /  / i'm not too sure what you mean by conditions, but okay",2,NA ,2,3
R_20VD4LGZdTmI3Y5,Default Response Set,Anonymous,,,207.23.203.125,0,23/05/2018 12:16,23/05/2018 12:34,1,,,61340,1,60,1,5,5,3,2,4,3,1,3,1,5,2,6,1,2,5,2,2,3,1,3,4,5,1,5,1,2,3,3,5,2,5,6,5,2,1,5,2,1,1,1,5,1,1,5,5,1,6,7,7,2,1,2,3,5,4,7,3,4,5,5,6,7,1,4,7,1,7,1,6,1,3,3,2,7,7,7,7,1,1,2,1,4,5,5,5,5,5,5,5,2,3,2,3,3,4,3,4,3,3,3,4,2,1,2,3,7,7,7,4,5,2,20,Filipino,Psychology ,2,8,3,1,3,1,"If I am recalling the study correctly, they wanted to see whether the financial game (choosing budgeting, insurance, etc) would affect my mood and primarily influence my political views. ",2,NA,2,NA,2,3
R_3L7r9JDxLDT5cya,Default Response Set,Anonymous,,,96.55.226.111,0,23/05/2018 15:37,23/05/2018 16:17,1,,,56968,1,81,1,6,6,4,2,4,3,5,2,5,4,3,3,5,2,5,4,2,4,4,4,6,6,6,5,2,2,6,3,6,5,5,1,1,4,5,6,5,5,1,1,2,5,7,7,7,7,1,1,1,5,1,5,5,3,3,7,6,6,5,6,5,5,4,6,4,5,4,1,4,5,3,4,3,6,2,3,1,1,2,5,1,7,2,4,3,4,5,3,4,4,4,5,5,4,3,2,3,3,5,5,3,4,5,3,5,6,6,5,3,4,1,23,white,general studies,9,4,4,4,1,2,"I can't remember the study exactly, hence why I clicked no. I remember doing one where there was a black screen and white boxes  and I had to press space at a certain time. It was important that I didn't press space too early, so patience was key. ",2,NA,2,NA,2,3
R_2PBGpq6gDjytQNq,Default Response Set,Anonymous,,,184.151.231.122,0,24/05/2018 13:46,24/05/2018 13:59,1,,,14421,1,61,1,5,4,4,3,5,2,4,4,3,5,4,4,4,4,4,4,4,4,4,4,5,4,4,4,4,3,4,4,5,4,5,5,5,3,3,4,4,4,4,4,4,4,4,4,4,4,4,4,4,4,1,3,3,4,3,5,5,5,4,5,4,5,5,4,5,4,5,4,5,4,4,4,4,4,4,4,4,4,4,4,4,4,4,2,3,3,3,3,3,3,3,3,3,3,3,3,3,3,5,4,4,3,4,3,4,4,4,4,4,1,2,27,Canadian ,Counselling and Human Development ,1,4,4,4,4,1,Experiencing the difficult choices made by people experiencing poverty and the influence of these experiences on attitudes and beliefs about poverty ,2,NA,2,NA,2,3
R_8nXrpBQkNDmy8mZ,Default Response Set,Anonymous,,,50.68.22.61,0,24/05/2018 16:41,24/05/2018 16:50,1,,,44719,1,90,1,6,6,4,3,5,4,3,4,4,4,4,4,4,4,4,4,4,4,4,4,4,4,4,4,4,4,4,4,4,4,4,4,4,4,4,4,4,4,4,4,4,4,4,4,4,4,4,4,4,4,1,3,3,3,3,4,7,5,4,4,4,4,4,4,4,4,5,2,2,4,4,4,4,4,4,4,4,4,4,4,4,4,1,3,4,3,5,4,4,5,3,5,5,5,3,3,3,3,4,4,4,4,4,4,4,4,4,4,4,4,2,18,Chinese,Psychology,2,8,9,9,4,1,I don't remember much. ,2,NA,2,NA,2,3
R_1CKDDUI21lvihln,Default Response Set,Anonymous,,,184.65.178.1,0,19/05/2018 11:12,19/05/2018 15:19,0,,,18917,1,39,1,6,6,5,5,6,4,5,4,2,6,2,2,2,1,6,2,4,2,2,3,5,4,2,1,2,2,4,2,6,1,6,6,6,2,1,5,1,2,2,1,4,1,1,6,5,2,6,5,2,4,1,2,2,4,2,5,5,5,5,5,5,5,5,5,4,5,6,5,5,5,6,4,4,5,6,4,2,2,2,2,1,6,4,4,4,4,4,4,4,4,4,4,4,4,4,4,4,4,5,3,2,2,3,3,4,4,4,4,4,4,2,18,White,undecided,15,2,1,2,1,1,"This study was about economic issues in Canada such as income inequality and poverty, by asking the views of randomly selected individuals and later asking their economic and ethnic background in attempt to possibly find patterns in response between participants based on their backgrounds ",2,NA,2,NA,2,3
R_uePgbzqFoe5E2Y1,Default Response Set,Anonymous,,,184.65.121.102,0,27/05/2018 22:39,27/05/2018 23:05,1,,,82444,1,89,1,6,6,6,5,5,5,5,3,5,5,5,3,3,3,6,3,3,5,3,3,6,6,3,5,3,3,5,4,7,3,6,6,6,3,1,5,6,5,5,3,6,5,5,5,5,3,5,5,5,6,1,4,4,4,3,7,6,4,5,6,4,5,5,4,4,5,4,1,1,2,5,6,5,5,3,3,5,1,5,6,2,6,3,2,4,4,5,3,4,4,3,5,5,5,3,4,3,4,6,4,3,2,5,3,2,7,3,6,3,4,2,18,Indian,Biological Sciences,8,2,2,3,1,1,"Finding out people's views on Canada's society -- inequality issues, specifically (economic inequality, racial inequality, appearance inequality) ",2,NA,2,NA,2,3
R_2ToYrlcheKapsvk,Default Response Set,Anonymous,,,70.68.144.228,0,28/05/2018 1:35,28/05/2018 1:47,1,,,80788,1,60,1,6,6,5,2,5,5,3,5,4,5,4,5,1,2,5,6,2,2,4,3,5,6,2,3,2,2,5,2,2,2,5,6,5,3,2,3,5,1,1,1,5,3,1,1,5,2,6,6,6,1,1,4,5,4,4,7,5,7,4,6,7,7,2,4,5,6,4,2,5,7,5,5,5,6,3,2,2,5,3,5,3,3,3,3,4,4,5,3,4,5,4,4,4,4,3,3,3,3,5,5,5,3,3,2,4,7,2,7,1,3,2,20,European,Communications,8,2,2,2,1,1,"Gathering participants perspectives on the link between economic resources, opportunities, and prosperity. Collecting insight after playing a game that stimulates the life of an impoverished family.",2,NA,2,NA,2,3
R_3lzcmHbT6KXpLEL,Default Response Set,Anonymous,,,24.87.162.107,0,28/05/2018 15:10,28/05/2018 15:33,1,,,46033,1,60,1,5,6,2,5,6,6,5,2,1,6,4,3,3,4,5,5,3,2,6,6,5,4,3,5,2,4,5,3,6,3,6,5,6,3,2,5,6,2,5,2,5,3,5,5,6,5,5,6,5,2,1,4,5,3,4,7,7,6,4,5,5,5,6,5,6,6,5,3,3,6,6,5,5,3,5,4,6,2,4,5,3,3,3,4,4,3,4,3,3,4,4,4,4,4,3,4,3,3,6,6,6,3,6,5,6,6,5,3,3,4,2,22,chinese,economics,12,8,8,8,4,1,"people's perception of the relationship between economic, political, social and poverty",1,"one in lab, one after-survey to do at home (manipulation check?)",2,NA,2,3
R_31mIHhGqHXeV8i1,Default Response Set,Anonymous,,,174.6.82.237,0,28/05/2018 20:36,28/05/2018 21:05,1,,,74669,1,69,1,6,5,3,5,4,4,2,4,3,5,3,3,3,2,5,5,3,2,3,2,5,5,3,5,4,3,3,4,5,3,5,5,4,5,4,6,5,5,4,4,5,5,4,6,3,4,5,4,5,5,1,4,4,3,4,7,6,5,6,5,5,5,4,3,5,6,6,1,5,4,6,6,5,5,5,5,5,5,6,7,1,6,4,2,3,4,5,4,3,5,3,5,5,5,3,3,3,2,6,6,6,3,6,3,5,5,3,3,2,3,1,20,"Caucasian, Metis",Criminology,1,2,2,6,1,1,"If I remember correctly, it was about how mood effects people’s perception towards the poor or towards those who are mostly looked down upon in society.",2,"NA, but I am not sure as to what you mean by condition. Unless you’re talking about the first survey I filled in the lab and then the other within 24 hours, that was sent via email, I do not know what you mean.",1,That the mood you’re in effects your perception of others and those who are looked down upon in society.,2,3
R_YQCawd5Ts605zC9,Default Response Set,Anonymous,,,207.23.181.165,0,31/05/2018 15:40,31/05/2018 16:01,1,,,38234,1,75,1,5,5,4,2,3,2,4,3,2,5,3,3,3,3,6,4,4,4,3,3,5,2,3,2,4,2,5,3,4,3,5,5,5,4,2,4,6,4,4,5,4,6,6,5,6,6,5,5,3,5,1,3,3,2,2,4,6,4,5,5,5,5,4,4,4,5,3,1,1,4,5,4,5,4,4,5,3,2,4,4,5,5,2,1,3,2,4,3,1,4,3,4,4,3,3,3,2,3,5,3,3,2,5,4,5,5,6,1,2,3,2,18,Asian,Psychology/Criminology,10,4,4,4,3,1,introducing myself to someone else and learning about them?,2,NA,2,NA,2,3
R_10OZTQ2Gbd3zyl6,Default Response Set,Anonymous,,,207.23.199.38,0,31/05/2018 15:51,31/05/2018 16:01,1,,,71702,1,50,1,7,6,5,2,5,2,2,3,3,6,2,4,2,1,6,2,5,3,2,2,6,2,1,3,2,2,4,2,5,1,6,7,7,2,1,5,5,2,2,2,4,2,2,5,3,3,5,3,5,5,1,3,3,4,4,6,5,6,5,3,5,6,4,6,7,1,6,6,6,4,5,5,5,5,5,4,6,2,4,3,2,3,4,4,4,4,5,4,4,4,4,3,3,3,4,4,4,4,5,5,3,2,5,5,5,6,3,4,4,4,2,19,Chinese ,Psychology,7,1,1,3,3,1,Economic disparity,2,NA,2,NA,2,3
R_vpm4lnCHn2l8Cfn,Default Response Set,Anonymous,,,142.58.132.183,0,31/05/2018 17:25,31/05/2018 17:42,1,,,81234,1,82,1,6,4,4,3,7,6,5,4,1,7,1,4,2,2,2,3,4,2,1,4,7,1,2,5,4,3,6,2,3,1,6,6,6,4,2,5,5,5,2,3,6,2,6,5,6,5,5,5,3,5,1,2,4,3,3,6,6,5,5,5,6,5,4,5,5,6,5,4,4,5,6,6,6,5,6,7,6,4,3,3,1,5,4,4,3,4,3,4,4,3,4,3,4,4,4,4,4,4,3,3,4,4,3,5,3,4,3,6,4,3,2,22,Indian,Psych,7,2,2,8,1,1,I was given a survey with many similar questions on it. / ,2,NA,2,NA,2,3
R_2Etq5ujmNbgTK1x,Default Response Set,Anonymous,,,207.23.203.163,0,31/05/2018 17:29,31/05/2018 17:47,1,,,42548,1,69,1,5,5,4,6,2,6,2,1,1,6,1,3,2,2,5,2,4,3,3,2,6,4,2,2,3,2,5,3,5,2,7,6,6,3,1,5,5,3,3,2,3,4,3,2,3,4,5,5,4,4,1,2,2,3,4,4,6,7,6,3,5,4,3,3,5,3,5,1,3,2,5,6,6,5,4,4,3,1,3,5,1,5,4,5,5,4,4,4,3,1,1,1,1,1,4,4,4,4,4,5,4,4,5,5,5,6,4,4,1,6,1,20,Indian (South Asian),Criminology,7,2,2,4,3,1,"the study wished to capture my views about economic inequality, welath disparity, poverty, importance of hard work, inherited wealth etc in achieving economic success and socio-economic and political economic structures and trends in Canada.",2,NA,2,NA,2,3
R_2CCj62P3YM5Xj3M,Default Response Set,Anonymous,,,69.196.89.210,0,31/05/2018 19:35,31/05/2018 19:42,1,,,3357,1,42,1,6,6,6,6,6,6,6,6,6,6,6,,6,6,,,,,,,6,6,6,6,6,,,6,6,6,,,,,,,,,,,,,,,,,,,,,1,,,,,,,,,,,,,,,,,,,,,,,,,,,,,,,,,,,,,,,,,,,,,,,,,,,,,,,,,,,,2,19,african,psychology,12,8,1,8,3,1,It was about poverty.,2,NA,2,NA,2,3
R_1NwZVXKotb8hyg7,Default Response Set,Anonymous,,,24.84.156.118,0,31/05/2018 22:56,31/05/2018 23:09,1,,,16403,1,62,1,5,2,3,2,3,1,3,5,2,3,6,5,3,2,6,3,4,6,3,5,3,2,3,3,4,2,4,3,5,3,5,6,6,3,2,4,3,3,5,2,5,3,2,5,5,3,5,5,5,4,1,3,2,4,3,6,7,6,3,4,2,4,4,5,5,5,3,3,4,5,6,5,5,5,6,5,5,3,2,3,2,5,1,3,4,2,5,3,2,4,4,5,4,4,3,4,3,3,5,2,3,2,3,5,4,7,5,3,4,4,2,18,Chinese,Health Science,1,3,4,8,3,1,Money management,2,NA,2,NA,2,3
R_PtfxVSGBubJDC2l,Default Response Set,Anonymous,,,64.180.184.179,0,31/05/2018 23:01,31/05/2018 23:32,1,,,42613,1,88,1,5,6,3,2,5,2,2,5,2,6,1,4,3,2,6,2,3,5,5,2,6,5,3,5,2,1,5,3,7,2,7,7,7,2,1,3,6,5,4,4,5,5,5,5,4,3,6,6,5,3,1,5,5,4,4,7,7,6,5,5,7,5,4,5,5,7,3,4,2,5,5,6,4,6,3,4,2,2,6,6,1,6,2,4,4,4,5,4,2,5,4,5,5,5,4,4,3,3,7,6,5,2,6,3,4,7,4,7,2,4,2,19,"Half Caucasian, half South-East Asian",Health Science ,8,2,1,5,1,1,I don’t remember the purpose of the study. ,2,NA,2,NA,2,3
R_djaL7H9njjKdmnv,Default Response Set,Anonymous,,,50.92.228.173,0,31/05/2018 23:52,01/06/2018 0:01,1,,,76170,1,67,1,6,4,5,4,4,4,3,5,4,5,6,4,3,2,6,5,4,4,5,4,5,3,4,4,4,3,4,4,3,2,6,6,6,4,2,4,4,4,3,2,4,4,4,4,3,4,4,5,5,4,1,4,4,4,3,6,6,5,6,4,6,5,4,4,4,6,3,3,4,5,5,5,4,5,4,5,4,3,3,3,3,4,3,3,4,4,5,3,4,4,4,4,5,5,4,3,2,2,6,5,5,3,5,4,4,4,3,4,4,3,2,19,asian ,psychology ,7,8,8,8,4,1,"the game was to see how much money you can live on per month while getting paid with not that much money and the situation is if you can rent a house, raise your kid weel by giving proper materials, but groceries and so on.  After that, we did a survey that is from what I remember identical to this one.",2,NA,2,NA,2,3
R_O8LEz5H2VxlnD8t,Default Response Set,Anonymous,,,162.156.21.190,0,01/06/2018 1:22,01/06/2018 1:34,1,,,46160,1,70,1,5,5,4,3,4,3,3,5,4,4,4,3,3,3,5,4,4,5,4,4,5,4,2,4,3,4,5,4,4,3,5,5,5,4,3,3,5,3,4,3,4,5,4,4,6,4,5,5,3,3,1,3,4,4,4,5,6,4,5,4,5,6,4,5,4,5,5,3,5,4,5,5,4,5,5,5,3,3,5,5,4,5,3,3,3,3,4,3,3,4,4,4,4,4,4,3,3,3,5,5,5,3,5,4,6,5,6,5,5,3,2,19,Indian,Psychology,11,2,2,3,1,1,"I think this study was about how many people fall into economic disparity in their lives and even if they try to get out of it, bills and emergencies can cause them to fall back.",2,NA,2,NA,2,3
R_1GEvcDrxhp3DS3K,Default Response Set,Anonymous,,,184.65.160.61,0,01/06/2018 1:31,01/06/2018 1:53,1,,,60019,1,60,1,5,3,5,2,3,2,3,2,1,5,2,2,2,2,7,5,2,3,6,5,4,2,2,2,5,1,4,3,5,2,5,5,5,2,1,3,5,3,2,3,3,5,5,3,5,2,5,6,5,3,1,2,4,5,5,7,5,4,7,6,7,5,7,3,7,5,7,1,5,5,6,7,3,5,2,7,3,2,5,6,5,7,5,5,5,5,5,5,5,5,5,4,5,5,4,4,2,3,5,5,6,2,3,3,5,6,5,7,5,6,2,21,Filipino,Health Science,6,2,2,2,1,1,I think this study analyzes how our own experiences shape our social and political beliefs ,2,NA,2,NA,2,3
R_2vdc7kcpgJAVrov,Default Response Set,Anonymous,,,209.52.88.35,0,01/06/2018 10:48,01/06/2018 11:20,1,,,78426,1,80,1,5,6,1,4,6,6,3,1,2,5,2,4,4,2,3,4,3,2,3,2,4,1,3,1,1,5,5,3,2,2,5,3,5,3,2,5,6,3,4,3,4,5,5,5,5,5,3,4,2,6,1,3,4,4,4,7,2,3,3,3,2,5,3,4,4,3,5,1,6,5,6,3,4,5,4,5,1,1,2,2,1,2,3,2,3,4,3,4,4,5,4,4,5,5,3,3,2,2,5,6,5,2,5,2,2,6,5,5,3,4,1,18,Chinese,Chemistry,8,2,2,3,1,1,It's about how we likely we would act to inequality in the world.,1,We would answer the survey in lab and then once again on the following day.,1,Something about mood and how it affects our responses.,2,3
R_3oyWZz2a9uNweas,Default Response Set,Anonymous,,,50.68.5.109,0,01/06/2018 14:06,01/06/2018 14:19,1,,,86527,1,66,1,5,6,3,3,6,2,3,2,2,6,2,1,1,1,6,2,5,4,2,4,5,2,2,5,2,2,5,2,5,2,5,6,6,3,1,5,3,3,3,2,5,3,2,3,5,2,5,5,5,4,1,3,4,4,4,7,7,6,4,5,5,5,4,3,5,6,6,3,5,6,6,5,5,5,2,5,4,2,4,5,2,5,3,4,4,3,4,4,4,5,5,5,5,4,3,3,4,3,5,5,3,2,5,2,6,7,3,6,3,4,2,21,Chinese,Undecided,5,2,2,2,1,1,How I feel about these certain issues,2,NA,2,NA,2,3
R_0VXWUXZfuK1NWE1,Default Response Set,Anonymous,,,75.156.84.78,0,03/06/2018 9:40,03/06/2018 10:16,1,,,65978,1,50,1,6,3,3,3,5,2,3,4,2,3,4,3,1,4,6,4,3,3,5,3,5,4,2,5,4,3,5,5,4,4,4,5,5,5,3,5,5,4,3,4,3,5,3,4,6,3,5,5,5,5,1,3,4,5,3,5,6,6,4,5,5,6,4,5,5,5,5,3,5,4,5,3,5,3,3,4,2,4,4,5,3,3,4,3,4,4,5,4,4,3,5,5,5,4,3,3,3,3,6,6,3,3,6,6,2,6,4,7,2,4,2,20,Filipino,Psychology,2,8,8,8,1,2,This study was trying to determine which political party cared the most about the economic inequality in today's society,2,NA,2,NA,2,3
R_qLbqeIddbhoxd6x,Default Response Set,Anonymous,,,162.156.22.25,0,14/05/2018 19:05,14/05/2018 19:21,1,,,82280,1,86,1,5,4,3,3,3,4,2,3,1,5,3,4,2,4,5,4,4,4,2,3,4,3,4,3,2,1,3,3,3,2,6,6,5,3,1,4,6,4,3,5,2,6,4,6,4,7,4,1,1,5,1,3,3,3,3,6,6,6,5,4,3,4,6,4,6,2,4,1,6,3,7,7,6,5,5,4,4,3,5,6,3,5,4,4,4,1,4,4,1,4,4,4,4,5,4,4,2,1,4,4,3,5,4,4,5,4,6,6,2,2,1,20,caucasian ,Criminology ,,2,2,2,1,1,trying to manage your money in scenario day to day life without trying to run out of money,2,NA,2,NA,3,3
R_3dPNewPlhvvW8Rn,Default Response Set,Anonymous,,,70.68.31.72,0,17/05/2018 13:11,17/05/2018 13:26,1,,,79446,1,94,1,4,5,4,2,4,3,3,4,3,4,4,3,3,4,4,3,2,5,2,4,4,4,3,4,2,5,5,5,5,4,5,4,6,4,2,5,5,2,1,3,4,5,4,4,5,3,5,5,5,2,1,3,3,4,3,6,7,5,4,5,4,3,4,4,4,6,3,1,3,2,4,4,4,4,4,4,4,4,4,4,4,4,3,3,3,3,4,4,3,3,3,5,3,4,4,3,3,3,7,7,6,4,6,5,4,7,4,1,4,4,2,18,Caucasian ,Business ,15,2,2,2,1,1,We had to play a short computer game,2,NA,2,NA,3,3
R_vltPOo5TOSzkH3H,Default Response Set,Anonymous,,,70.70.108.163,0,18/05/2018 15:35,18/05/2018 15:42,1,,,49114,1,67,1,4,2,3,3,6,6,3,4,4,4,4,4,4,4,4,4,4,4,4,4,4,4,4,4,4,4,4,4,4,4,4,4,4,4,4,4,4,4,4,4,4,4,4,4,4,4,4,4,4,4,1,3,3,3,3,4,4,4,4,4,4,4,4,4,4,4,4,4,4,4,7,4,4,5,5,5,4,1,4,5,4,7,3,3,3,3,3,3,3,3,3,3,3,3,3,3,3,3,4,4,4,4,4,4,4,4,4,4,4,4,4,,,,,9,9,9,4,1,I don't recall. ,2,NA,2,NA,3,3
R_W0Qy0gsNsaSGw6t,Default Response Set,Anonymous,,,70.36.58.212,0,21/05/2018 0:58,21/05/2018 1:16,1,,,3088,1,85,1,4,5,6,1,4,6,6,6,1,7,4,3,1,1,5,2,6,5,1,1,5,2,2,3,1,1,5,4,5,2,5,5,4,3,1,6,5,2,3,1,6,5,6,6,4,6,5,4,5,3,1,4,5,1,2,7,6,5,6,7,2,4,1,5,5,4,3,1,4,3,6,7,3,5,3,2,1,1,1,2,1,5,1,2,3,4,4,4,2,5,4,5,4,4,4,3,2,2,7,7,7,6,6,5,4,6,4,4,4,4,1,18,White,Psych/Crim,1,3,2,3,1,1,"Not this one particularly. I did several RPS studies, several with computer games, and don't remember this specific one. One was about studying reaction time, another was about disparity in details people notice.",2,na,2,na,3,3
R_3IPDEy1GTk8qmSS,Default Response Set,Anonymous,,,50.68.94.208,0,22/05/2018 21:45,22/05/2018 21:57,1,,,47697,1,80,1,7,6,2,3,6,3,2,2,3,6,2,4,3,1,5,3,5,2,2,3,4,3,2,3,1,3,4,1,5,1,5,6,5,3,2,5,4,2,2,2,4,3,3,5,5,4,5,5,4,5,1,4,4,3,3,7,6,6,5,5,5,4,4,5,6,5,5,1,2,4,6,4,4,3,5,5,3,2,3,4,2,5,2,4,4,3,4,4,4,4,4,4,5,5,4,4,3,3,4,2,5,2,2,3,5,5,4,5,4,4,1,19,White/European,Resources and Environmental Management,13,3,2,3,3,2,Societal and Individual factors influencing wealth and economic disparity. ,2,NA ,2,NA ,3,3
R_2uUkMA5FzrPBi9a,Default Response Set,Anonymous,,,207.23.186.90,0,01/06/2018 11:40,01/06/2018 11:57,1,,,96201,1,76,1,6,6,3,2,6,2,1,5,2,5,2,3,2,2,5,3,6,2,3,2,6,2,2,6,2,2,6,3,5,2,6,6,6,2,2,6,5,3,2,2,5,2,3,6,5,1,5,5,5,5,1,4,5,3,4,7,7,5,5,7,6,7,2,7,4,6,5,5,4,7,6,6,3,6,6,7,4,2,5,3,1,6,3,5,5,4,5,5,5,5,5,4,5,4,4,4,4,4,6,5,1,2,5,3,3,6,1,1,4,4,2,19,Canadian,Chemistry ,8,8,8,8,3,1,to see how people budget with their minimum wage jobs and all the other problems that come along with it,1,1. to have some money until the end of the month / 2. to be happy,2,NA,3,3
R_2CVQYh5oIyXKhqX,Default Response Set,Anonymous,,,209.53.157.50,0,01/06/2018 12:46,02/06/2018 9:35,1,,,51055,1,73,1,5,4,4,4,4,4,4,4,4,4,4,4,4,4,4,4,4,4,4,4,4,4,4,4,4,4,4,4,4,4,4,4,4,4,4,4,4,4,4,4,4,4,4,4,4,4,4,4,4,4,1,3,3,3,3,4,4,4,4,4,4,4,4,4,4,4,4,4,4,4,4,4,4,4,4,4,4,4,4,4,4,4,3,3,3,3,3,3,3,3,3,3,3,3,3,3,3,3,4,4,4,4,4,4,4,4,4,4,4,4,4,,,,,4,4,4,4,2,Questions about societal issues,2,NA,2,NA,3,3
R_21puHAyWEYJnSko,Default Response Set,Anonymous,,,75.155.139.131,0,04/06/2018 16:29,04/06/2018 16:45,1,,,62091,1,70,1,6,3,3,3,5,4,5,3,5,4,4,3,5,4,4,5,4,4,3,4,6,3,3,5,4,3,4,4,6,4,6,5,4,4,3,5,6,3,5,5,5,6,6,6,6,6,5,4,3,5,1,5,5,2,3,6,6,6,6,5,6,6,3,3,4,5,5,3,5,5,5,5,5,5,3,5,3,5,5,6,5,5,3,3,3,2,3,4,1,3,3,3,4,4,4,3,3,3,6,6,4,3,6,6,5,6,6,5,7,6,1,19,white/eastern european,business,11,2,2,2,1,1,I was in two computer studies. But one consisted of pressing numbers when they were a certain colour in a dark4 room.,2,NA,2,NA,3,3
R_2YRm3ETf3esOwNF,Default Response Set,Anonymous,,,70.69.108.76,0,10/05/2018 19:08,10/05/2018 20:26,1,,,75079,1,52,1,5,6,6,3,5,2,3,2,1,3,2,2,2,3,6,2,2,2,1,2,4,2,2,5,2,1,3,2,2,2,3,5,5,2,1,5,3,2,2,4,5,2,3,2,6,3,6,5,5,3,1,3,4,4,3,7,7,4,4,5,6,3,2,7,4,3,2,1,7,2,5,2,2,5,4,5,1,2,6,6,3,6,2,4,5,3,5,1,5,5,4,4,5,4,4,2,2,1,6,5,2,2,3,3,6,2,6,2,1,5,2,19,half European half fijian,business,10,3,4,3,1,1,economic decisions based on social factors,2,NA,2,NA,4,3
R_3g4Lsg0tlPHFBis,Default Response Set,Anonymous,,,96.48.253.143,0,11/05/2018 1:35,11/05/2018 1:44,1,,,62158,1,65,1,6,5,5,6,4,6,3,4,5,6,4,5,5,3,5,3,2,6,2,6,3,5,3,5,3,2,6,3,5,3,3,5,3,5,6,5,5,6,5,6,6,7,5,6,7,5,5,3,6,5,1,5,4,4,5,6,5,7,4,5,4,4,5,5,5,5,5,5,4,4,6,4,7,5,6,5,5,5,6,6,5,6,4,3,4,5,5,4,5,3,5,5,5,4,3,2,4,2,4,6,6,5,6,5,4,6,5,4,6,3,2,19,Chinese,Criminology,2,8,8,8,2,2,"Comparing how personal income can cause crime, health, with consideration of self-values. ",2,n/a,2,n/a,4,3
R_1jqQ3Cf0JxjoJka,Default Response Set,Anonymous,,,70.70.248.174,0,15/05/2018 17:11,15/05/2018 17:26,1,,,29178,1,70,1,4,5,2,2,4,2,4,2,2,6,3,4,1,2,5,5,4,2,4,2,4,5,4,5,2,2,4,3,3,2,5,4,3,4,4,5,5,3,5,2,2,5,5,5,4,5,3,3,2,5,1,4,4,4,3,6,5,5,5,6,6,5,5,5,4,4,4,1,5,3,5,5,5,5,5,6,3,2,2,3,2,4,3,2,4,3,3,3,4,4,4,3,4,3,3,3,1,2,5,3,2,3,2,2,4,4,4,4,3,4,2,19,White,Political Science,10,2,3,4,1,1,wealth and society ,2,NA,2,Na,4,3
R_10GgdwjVDdmAlbU,Default Response Set,Anonymous,,,66.183.50.79,0,15/05/2018 14:36,15/05/2018 17:40,1,,,98002,1,82,1,7,7,3,2,5,3,2,5,2,6,2,3,2,2,6,2,6,5,2,2,6,6,2,6,2,2,6,3,6,2,7,7,7,1,1,6,6,2,2,5,5,6,6,6,6,6,5,5,6,5,1,4,4,4,4,7,6,6,5,6,6,6,5,6,5,6,6,2,6,6,6,6,6,6,6,6,6,6,5,6,6,6,5,3,5,5,5,5,5,5,5,5,5,5,4,4,4,4,6,6,6,2,5,6,5,7,6,7,1,3,2,19,Chinese,Health Science,15,4,4,4,3,1,The computer game was where you would make choices to decide the fate of character. All of the choices had to do with money and you had to try to keep the character out of poverty.,2,NA,2,NA,4,3
R_3Hp4p6m9aD8sDbw,Default Response Set,Anonymous,,,174.7.5.153,0,16/05/2018 10:07,16/05/2018 13:47,1,,,68836,1,68,1,7,6,3,5,5,5,3,2,2,5,3,5,2,2,3,3,3,3,2,5,5,2,2,5,3,3,3,3,5,3,7,6,6,6,2,6,7,5,6,4,4,5,5,5,6,6,5,5,3,7,1,3,4,4,4,7,7,6,4,5,5,3,5,5,4,6,6,6,6,6,6,5,5,3,5,5,6,5,3,4,2,5,4,4,3,3,5,4,2,5,5,5,5,5,4,4,3,3,5,5,3,2,4,5,4,7,4,6,2,4,2,19,South Asian (Indian),Behavioural Neuroscience,8,1,2,2,1,1,"To figure out societies perceptions on those who live in poverty, whether or not people believe that those who are in poverty are there by their own fault and whether or not the government should be taking greater actions to create economical equality. ",2,NA,2,NA,4,3
R_3Dq0cyLHKslvvyz,Default Response Set,Anonymous,,,199.60.16.22,0,18/05/2018 16:22,18/05/2018 16:34,1,,,29818,1,73,1,5,3,6,3,6,3,3,5,2,3,3,2,5,3,6,2,3,2,2,3,5,2,3,5,3,2,6,5,5,3,5,5,7,2,2,5,6,4,3,4,3,6,5,4,5,6,5,5,2,6,1,2,2,5,5,7,5,6,3,7,6,7,3,5,5,5,7,2,6,3,5,6,3,6,2,5,2,2,3,5,2,7,5,3,3,4,4,5,4,4,4,4,4,5,4,3,2,2,5,5,3,2,5,5,2,6,2,5,1,4,2,21,Malaysian/Chinese,Communications,13,3,3,5,1,1,Don't remember,2,NA,2,NA,4,3
R_1F49QSKiU7gazwz,Default Response Set,Anonymous,,,70.70.5.151,0,18/05/2018 16:20,18/05/2018 16:37,1,,,7175,1,35,1,6,5,2,3,4,4,3,2,2,5,3,5,1,3,4,4,4,4,3,2,4,3,3,4,4,3,4,3,4,3,6,6,6,2,2,4,2,2,3,2,3,3,3,4,5,5,5,4,3,5,1,3,3,3,4,7,7,3,6,5,4,4,5,3,4,6,4,1,3,3,4,4,5,5,4,3,4,3,4,4,4,4,4,5,4,4,4,5,4,3,4,3,3,5,4,3,4,3,5,5,4,3,5,5,4,6,4,4,3,4,2,18,Sikh,Bachelor of Science,7,2,2,2,1,1,I think i played a money managing game,2,NA,2,NA,4,3
R_2YtFdlaG6jMfJH5,Default Response Set,Anonymous,,,24.67.48.104,0,19/05/2018 19:22,19/05/2018 20:14,1,,,41043,1,79,1,7,2,3,3,5,2,3,4,3,5,3,7,2,2,5,4,3,5,5,2,5,5,5,3,3,3,2,2,5,2,6,6,6,2,2,6,6,5,1,2,5,3,2,6,5,3,6,5,5,7,1,2,4,4,5,7,5,5,5,6,5,5,5,5,4,5,4,1,4,4,6,3,2,6,6,7,5,1,2,2,2,6,4,4,4,4,5,2,4,3,2,2,2,4,4,4,3,2,5,6,3,3,5,5,4,6,4,7,3,4,2,21,Caucasian,Education,7,2,1,3,3,1,It was to gauge if people felt more sympathy towards poor people after participating in a poverty simulation.,1,Participating in the poverty simulator and the following survey. Completing the follow-up instructions the next day (emailed survery).,1,Do people feel more empathetic towards poor people after engaging in their own poverty simulation scenario.,4,3
R_WwJPco5Npv2UyLT,Default Response Set,Anonymous,,,108.172.87.49,0,20/05/2018 17:48,20/05/2018 18:19,1,,,27425,1,46,1,2,6,6,2,6,1,1,5,2,6,5,1,1,1,6,1,5,5,1,2,2,2,1,2,3,1,5,5,1,1,7,7,7,1,1,5,3,3,1,1,6,1,1,5,5,3,7,5,7,2,1,2,1,1,2,7,4,1,4,4,3,5,1,3,7,3,4,1,1,4,3,5,6,3,6,7,6,1,5,5,1,5,4,3,5,5,5,5,5,4,3,4,4,5,4,4,4,4,2,2,2,1,2,2,5,5,3,4,2,4,2,19,Persian/Moroccan,Psychology,2,1,1,1,1,1,"The study may have been researching how one's environment, upbringing and situation can impact the way they perceive society and its various social and economic issues.",1,"I believe one of the conditions was to complete a follow up survey before the following day. / The other condition, which I am slightly unsure about, was to make it through the computer game without running out of income.",2,NA,4,3
R_3iwI1FYFRWLlUyW,Default Response Set,Anonymous,,,96.49.96.173,0,21/05/2018 8:27,21/05/2018 8:38,1,,,86482,1,70,1,4,5,5,2,5,1,2,5,3,5,4,3,2,3,5,4,2,5,3,4,5,3,4,2,3,2,5,5,3,2,5,5,5,2,2,2,2,2,2,2,3,3,2,2,2,2,5,2,5,5,1,3,4,4,4,5,4,5,4,4,5,6,4,5,5,4,5,5,5,4,5,5,5,6,4,5,3,2,3,5,3,5,4,4,4,4,4,4,4,4,3,4,3,4,4,3,3,3,5,5,2,2,2,2,4,5,5,6,4,4,2,19,White/European,Criminology,14,2,2,3,1,1,"The connection between personal political values and economic standing and views on those stigmatized in society, like poor people, criminals and those that are obese.",2,NA,2,NA,4,3
R_20NEHOVzpyWmqek,Default Response Set,Anonymous,,,96.49.77.142,0,21/05/2018 17:30,21/05/2018 17:48,1,,,75551,1,10,1,6,5,5,2,4,6,4,5,4,6,4,5,1,1,5,4,2,5,5,3,5,3,3,4,2,5,3,3,5,3,7,7,6,2,2,7,6,5,4,5,3,5,5,6,6,5,3,4,3,4,1,4,4,4,4,7,6,6,5,7,6,5,4,5,5,6,4,2,5,6,7,5,2,7,5,5,1,2,3,2,1,7,4,4,4,4,4,4,4,4,3,3,3,3,4,3,3,3,7,5,5,5,6,5,5,7,6,6,4,6,1,20,fijian,criminology,10,3,1,4,1,1,obviously testing social/political values and some sort of relation. There was a lot of very obviously conservative options and very obvious left-wing options. /  / I'm guessing the the set of questions about obesity is filler/to distract from the rest.,1,"One was where you played a game where you have things happen to you (like a broken car) that show that poverty may not be because of that person's laziness, then the survey, whereas one only did the survey. /  / note on the last question: I think the study was on how much we think society vs. personal problems are the cause of a person's economic issues. The game was used as a prime to see if showing people how things can happen and affect a person's economic situation affects their thinking, and this subsequent survey was to see if the effect on thinking remained.",2,NA,4,3
R_U9GEQVt6jHsbxW9,Default Response Set,Anonymous,,,24.86.238.73,0,22/05/2018 13:32,22/05/2018 13:54,1,,,68334,1,76,1,6,6,4,3,4,4,3,4,2,6,3,3,3,2,7,2,4,4,3,3,5,2,2,4,2,2,6,3,4,2,5,6,5,4,3,4,4,2,3,2,3,3,3,3,4,2,5,4,5,3,1,4,4,4,3,6,6,6,5,5,4,5,4,4,5,5,4,1,5,5,5,5,4,5,3,4,4,2,4,4,2,6,3,3,4,4,4,4,4,3,3,3,3,3,3,3,3,3,6,5,4,3,3,4,3,6,4,7,4,4,2,18,Caucasian,Psychology,11,3,2,8,1,1,The study was about measuring empathy towards people in poverty or criminals. The short game that some of the participants played was meant to show them what it would be like living as someone in poverty and seeing if it would change the participants' perspective on the poor and if they woulld have more empathy for them after seeing what it would be like to live that way.,1,"In one condition the participant just filled out a survey, in the other the participant also played a game where they lived the life of someone in poverty.",1,Does seeing things from the perspective of someone in poverty increase one's empathy for them and believe them to be less at fault for their situation.,4,3
R_1FKAixVIOVoWfHS,Default Response Set,Anonymous,,,209.52.88.40,0,22/05/2018 14:59,22/05/2018 15:12,1,,,19329,1,70,1,6,6,2,1,5,1,1,6,1,7,1,4,1,1,7,1,5,3,1,1,6,1,1,1,5,1,6,2,5,1,7,7,7,1,1,5,1,1,1,1,6,1,1,5,5,1,5,5,6,1,1,2,1,4,5,3,4,4,4,7,5,7,7,7,7,3,6,5,7,5,5,7,5,7,7,7,5,1,2,1,2,5,5,5,5,5,5,4,5,2,1,2,2,2,4,4,4,4,6,1,1,1,1,1,6,6,2,2,2,5,2,22,Iranian,Engineering Science ,2,9,1,2,3,1,"Seeing how being in the shoes of someone poor, as someone whos not poor, affects empathy for their issues and how they come to be (them vs things happening to them)",1,Having the simulation and not having it. Both conditions filled the same survey,1,People who did the simulation will be more empathetic on the survey than those who didnt,4,3
R_3qe8UNFY7q6TATJ,Default Response Set,Anonymous,,,24.84.156.118,0,24/05/2018 21:06,24/05/2018 21:53,1,,,16403,1,72,1,5,6,3,2,2,2,3,4,3,5,5,4,3,3,5,2,4,5,2,5,4,2,2,2,4,2,4,3,3,3,5,5,6,2,1,5,3,3,5,3,4,4,3,4,3,3,5,5,4,4,1,2,2,3,3,6,6,5,4,3,2,4,3,5,5,3,2,2,2,4,5,4,5,5,5,5,5,2,2,3,3,5,2,2,4,3,5,3,2,3,4,4,4,3,3,4,3,3,5,3,2,2,3,4,3,6,4,5,3,4,2,18,Chinese,Health Sciences,1,3,3,4,1,1,Choices and money management,2,NA,2,NA,4,3
R_1pWDOi1i3WzX8rV,Default Response Set,Anonymous,,,96.48.225.89,0,24/05/2018 12:31,24/05/2018 12:44,1,,,29323,1,81,1,5,6,6,2,3,2,3,5,1,6,4,4,2,2,6,2,2,5,2,6,6,4,2,2,2,2,4,3,5,1,5,4,4,4,4,6,5,3,5,3,5,3,3,5,5,3,5,5,3,5,1,3,4,4,4,5,3,5,6,6,7,6,5,7,5,5,6,4,7,4,5,5,5,5,3,5,3,3,4,5,2,5,3,4,4,4,5,4,4,4,3,3,2,4,4,4,3,3,2,2,2,3,3,2,4,6,2,7,2,2,2,19,Caucasian ,Psychology ,6,2,2,2,1,1,How we viewed poverty before and after 'experiencing it' through an interactive game ,2,NA,2,NA,4,3
R_11gVBY0yTRvj8vS,Default Response Set,Anonymous,,,207.23.195.178,0,25/05/2018 9:36,25/05/2018 10:10,1,,,61450,1,75,1,6,4,5,3,5,4,5,3,3,5,5,4,3,2,4,3,5,3,4,5,5,5,4,5,4,3,5,5,5,4,6,5,6,4,2,6,6,5,5,4,5,5,6,4,5,5,5,5,3,7,1,2,3,5,4,7,6,6,5,6,6,5,4,5,5,6,5,4,3,5,5,5,7,5,5,5,3,3,5,5,4,6,4,4,3,3,5,4,2,4,5,5,5,3,3,3,2,2,6,5,3,5,5,3,5,7,5,3,5,5,2,19,Asian,Kinesiology,7,2,2,2,1,1,This study was about contributions of economic inequality and substance abuse on one's economic standing.,2,NA,2,NA,4,3
R_3Eokqz8Wqxr8s1s,Default Response Set,Anonymous,,,24.87.68.111,0,25/05/2018 20:00,25/05/2018 20:10,1,,,2715,1,51,1,4,4,3,3,5,5,4,3,4,4,4,3,4,4,5,4,4,4,4,4,4,4,4,4,4,4,4,4,4,4,4,4,4,4,4,4,5,4,4,4,4,4,4,4,4,4,4,4,4,4,1,3,3,4,4,5,5,5,4,5,5,5,5,5,4,4,5,3,4,4,4,5,4,4,4,4,4,3,4,4,3,4,4,3,4,4,4,4,3,4,4,4,4,4,3,3,3,3,5,5,5,4,4,4,4,4,5,3,4,4,2,18,asian,criminology,1,8,8,8,2,1,do not remember in detail,2,NA,2,NA,4,3
R_2f2L98xgo3MkpmA,Default Response Set,Anonymous,,,64.180.115.118,0,26/05/2018 16:42,26/05/2018 17:09,1,,,69523,1,45,1,6,6,4,4,5,3,3,4,4,5,3,4,3,3,5,4,4,3,4,2,5,3,3,4,2,2,4,3,4,3,5,5,5,4,3,5,4,1,4,1,5,3,2,6,6,4,5,5,5,2,1,3,4,2,4,5,5,4,4,5,5,6,4,4,5,4,6,2,3,5,5,5,4,4,3,4,4,5,5,5,3,5,3,4,4,4,4,3,4,3,3,2,3,3,4,3,3,2,6,4,5,5,5,4,4,5,4,6,4,4,2,,,,,3,2,4,1,1,The potential influence on one's social and economic views due to the perspective offered by the game?,2,NA,2,NA,4,3
R_Y93Jfdk75JblDzz,Default Response Set,Anonymous,,,23.16.206.87,0,26/05/2018 16:42,26/05/2018 17:11,1,,,76838,1,70,1,5,4,4,3,5,2,5,4,4,5,2,4,3,3,5,3,2,3,3,5,5,3,4,5,4,2,3,5,6,3,5,2,4,5,3,4,6,4,6,4,2,6,6,4,4,6,4,4,2,5,1,3,5,4,4,7,7,7,6,6,5,6,2,5,3,5,5,2,6,6,6,6,7,3,2,2,1,4,4,6,5,5,3,3,3,4,4,3,3,3,5,4,4,5,3,2,2,2,5,5,3,2,3,4,2,6,3,6,3,4,2,2p,Asian,psychology,15,4,3,3,1,1,"It was about how poor people consider equality in the society. Throughout the game, participates acted as a poor person who has to handle everything with a limited amount of money.",1,I am not sure. It should be whether the participant played the computer game before filling out the questionnaire,2,NA,4,3
R_x6hJhcqPfl9dail,Default Response Set,Anonymous,,,135.0.178.77,0,26/05/2018 17:20,26/05/2018 17:31,1,,,72267,1,69,1,5,5,2,3,4,3,2,2,2,5,2,4,2,2,6,4,2,2,2,2,5,2,2,3,5,2,3,5,5,2,6,7,7,3,1,5,2,2,3,2,5,2,5,3,2,4,3,5,5,5,1,3,2,4,2,7,7,6,5,5,6,6,5,5,5,6,5,5,5,5,6,5,5,6,6,4,3,3,6,4,1,7,4,3,5,3,5,4,5,4,4,4,4,5,4,4,4,4,5,5,2,1,2,2,4,4,4,4,4,4,2,19,Asian ,Psychology ,5,8,8,8,2,1,Society and equality ,2,NA,2,NA,4,3
R_2cpCOTHErTso3sE,Default Response Set,Anonymous,,,70.68.252.227,0,27/05/2018 9:29,27/05/2018 9:41,1,,,24671,1,10,1,6,6,3,2,5,2,2,5,2,6,4,3,2,2,6,2,2,5,2,4,6,2,2,5,2,2,5,2,5,2,6,6,6,2,2,5,5,5,3,3,3,4,4,6,5,5,5,3,3,5,1,2,2,4,4,6,4,4,4,6,5,6,4,5,5,3,5,2,4,4,4,3,4,4,4,4,4,4,2,4,2,4,4,5,4,4,4,3,4,3,3,2,3,3,3,4,4,4,4,4,4,3,3,3,4,4,4,4,4,4,2,20,white,sciences,7,2,2,2,1,1,maybe about money management? ,2,NA,2,NA,4,3
R_3HFDu0A6Vc60L54,Default Response Set,Anonymous,,,99.199.102.8,0,27/05/2018 18:30,27/05/2018 18:46,1,,,18401,1,40,1,5,5,3,2,6,3,2,5,2,5,3,3,2,3,5,5,3,5,5,3,3,2,4,5,3,3,5,5,3,3,6,6,5,2,1,6,5,2,5,2,3,3,3,5,3,2,6,6,5,6,1,4,2,3,4,6,7,6,5,5,5,4,5,3,5,4,4,1,2,4,6,5,5,6,7,6,3,3,2,4,2,6,3,3,4,3,5,4,3,4,5,5,5,5,3,4,2,3,3,5,3,2,3,5,6,7,3,3,2,4,1,19,Lebanese,Engineering,7,8,8,8,4,1,Determine what factors cause people to change over time.,2,NA,2,NA,4,3
R_2rvxlOVGszW085R,Default Response Set,Anonymous,,,162.156.148.113,0,28/05/2018 1:59,28/05/2018 2:22,1,,,94268,1,65,1,5,4,5,1,2,1,3,1,1,6,4,4,2,4,6,3,5,4,2,5,5,3,4,2,5,1,5,5,3,2,7,7,7,2,1,6,7,3,7,3,6,7,7,6,7,6,5,5,4,7,1,2,5,5,5,7,7,5,6,2,4,7,4,6,7,7,1,1,4,4,7,7,7,4,6,6,4,3,5,4,1,6,1,2,3,2,5,5,1,5,2,5,5,3,4,4,2,2,7,7,2,1,6,3,6,7,4,1,4,4,2,18,Filipino,Psychology,15,2,2,2,1,1,"The study was about how the lifestyle of a poor/lower class person may go through their days stressing out over money whilst middle-higher class do not think money is a ""problem"". The game itself was able to take me through how a person living in poverty may think about what to do with their life while living on a low budget. The study also touches on the many factors that cause economic inequality such as race, intelligence, childhood upbringing, and political issues that may result in how the lower class are in a state of oppression.",2,NA,2,NA,4,3
R_cuynhHjwZxFBUFb,Default Response Set,Anonymous,,,70.70.43.64,0,28/05/2018 11:06,28/05/2018 11:21,1,,,57282,1,51,1,6,6,2,2,6,2,3,2,2,7,2,6,2,2,6,2,4,4,2,2,5,2,1,2,3,1,2,2,3,1,6,6,6,2,1,5,2,2,2,2,5,2,2,5,6,3,5,5,3,2,1,2,2,4,4,3,5,5,5,6,6,6,7,6,7,3,7,6,6,4,2,5,3,6,6,4,6,2,2,2,2,5,5,5,5,5,5,4,5,3,4,4,4,2,4,4,4,4,3,2,2,3,3,2,4,6,4,4,4,4,2,18,Caucasian ,Undeclared,15,1,1,1,3,1,People's outlook on inequality in society and whether they think society should have a responsibility to help those who are less privileged due to things hey cannot change/were born into.,2,NA,2,NA,4,3
R_1Hk1enZeAP9BZPz,Default Response Set,Anonymous,,,207.23.163.225,0,28/05/2018 11:13,28/05/2018 13:03,1,,,27136,1,65,1,6,6,4,4,5,3,4,4,3,4,2,5,3,3,5,3,4,3,2,2,6,3,2,3,3,3,2,3,3,2,6,6,6,4,2,5,4,3,2,3,6,3,3,5,5,3,5,5,5,6,1,2,2,4,4,6,5,3,4,5,4,5,6,6,6,5,4,4,4,5,5,5,5,5,5,5,5,5,3,3,3,5,4,4,4,4,4,4,4,4,4,4,4,4,4,4,4,4,5,5,5,3,5,3,4,7,5,7,4,4,2,18,Taiwanese,General Science Double Minor,1,2,3,3,1,1,General opinions on economy and wealth. Maybe to see how mood affects how you feel about politics.,2,NA,2,NA,4,3
R_b94nltsyQeBgmZP,Default Response Set,Anonymous,,,207.23.178.106,0,31/05/2018 15:57,31/05/2018 16:09,1,,,10708,1,80,1,4,4,2,2,6,2,5,5,3,5,5,2,4,2,5,5,2,4,3,2,4,2,2,4,2,2,6,2,5,2,6,5,5,3,1,2,5,2,2,2,3,5,5,4,4,5,4,4,2,5,1,2,2,3,3,6,6,6,6,6,6,7,6,5,6,5,6,2,4,6,6,5,3,6,6,5,4,5,3,3,2,6,3,4,5,5,4,4,4,4,3,4,4,4,4,4,4,4,5,5,5,5,4,3,4,5,4,5,3,4,2,18,"japanese, brazilian",business,5,3,3,4,1,1,"from what I remember, before the survey we did a ""game"" where we played as a mother with a low income and had to make decisions in regards to our money. Based on that and the survey, I'd say the study was about how people perceive those with low income and if the game changed that perspective. ",2,NA,2,NA,4,3
R_2ALnQ36HGU8JLIm,Default Response Set,Anonymous,,,50.92.135.184,0,31/05/2018 20:21,31/05/2018 20:50,1,,,93986,1,87,1,5,6,5,2,5,2,4,6,2,6,3,4,2,2,5,2,5,4,2,3,5,3,2,2,3,2,4,2,3,1,6,6,6,2,2,5,2,2,2,2,4,2,2,5,6,4,5,5,5,5,1,2,3,4,3,6,4,3,5,6,4,6,5,5,6,4,5,3,6,5,5,6,5,6,5,5,4,3,3,3,4,4,3,4,4,4,4,4,4,3,2,2,3,3,4,4,3,3,3,3,2,1,4,4,4,6,4,5,2,2,2,19,white,Health Sciences,10,2,1,2,3,1,"how much control over lifestyle that people think others have /  / Note: for the household income question I just guessed, I live with my parents and they don't tell me how much they make",2,NA,2,NA,4,3
R_3nUGWj1ycjoh0FJ,Default Response Set,Anonymous,,,174.7.39.228,0,31/05/2018 23:18,31/05/2018 23:41,1,,,10080,1,88,1,5,5,3,3,4,4,5,3,2,5,3,3,4,2,4,4,4,4,4,3,4,3,1,3,2,5,3,3,3,1,4,4,4,4,4,3,5,2,2,1,4,2,2,2,5,3,3,3,2,4,1,4,4,2,2,4,7,3,4,3,3,3,3,3,2,6,2,1,2,3,4,4,5,4,2,3,3,3,4,5,1,4,2,3,3,3,3,3,1,5,3,5,4,3,4,3,3,3,5,6,4,3,4,4,4,6,4,6,4,4,2,19,caucasian ,Education,5,1,1,1,1,1,"Views on equality with economics, poverty, obesity etc... Do you have a growth or closed mindset about such things?",1,Computer game and survey and Survey only.,2,na,4,3
R_SUjJNRmmiO5G9gt,Default Response Set,Anonymous,,,70.71.231.96,0,01/06/2018 12:00,01/06/2018 12:20,1,,,6101,1,50,1,4,4,4,5,5,6,5,5,5,4,5,4,3,5,4,7,4,5,7,4,5,5,5,6,4,5,4,5,5,5,4,4,4,4,3,5,5,4,4,4,3,5,5,5,6,5,4,5,3,5,1,4,4,4,3,7,7,7,6,5,6,6,2,5,3,7,2,3,5,5,4,7,4,5,3,3,1,4,4,5,4,5,2,3,2,3,4,4,2,5,4,5,5,5,2,2,4,3,6,7,7,7,7,6,5,6,4,4,3,4,2,22,Metis,Criminology,9,6,6,7,2,1,Money management over the course of a month.,1,If we ran out of money before the end of the month. /  / If we made it to the end of the month.,2,NA,4,3
R_1QAz74Wx7hTAIoK,Default Response Set,Anonymous,,,70.78.135.106,0,01/06/2018 13:43,01/06/2018 14:17,1,,,9463,1,46,1,7,7,5,3,7,2,2,5,2,7,3,6,1,1,6,1,2,6,1,2,6,3,1,3,5,2,5,2,5,1,6,7,7,2,1,7,5,5,2,3,2,3,2,6,6,7,6,5,3,6,1,2,2,4,2,7,7,6,4,7,3,2,5,6,3,5,2,1,2,3,6,6,6,6,6,6,2,2,2,3,1,6,2,2,3,2,5,5,3,5,3,5,5,5,4,2,1,1,6,3,5,2,6,6,6,6,4,2,3,2,2,22,Canadian,Psychology ,15,8,8,8,4,1,I believe this study determined opinions people have on certain stereotypes without knowing the facts.,2,N/A,2,NA,4,3
R_2CNj4BD5fj9zLlt,Default Response Set,Anonymous,,,75.157.166.247,0,02/06/2018 18:04,02/06/2018 18:46,1,,,31367,1,90,1,4,3,1,4,6,3,3,1,1,6,2,4,4,2,5,1,4,3,2,2,4,2,1,4,4,2,2,2,1,2,4,5,7,5,1,4,4,2,4,1,4,2,1,3,4,4,4,5,4,2,1,3,3,3,3,6,5,3,1,4,5,6,3,4,5,2,1,1,1,2,4,2,2,4,7,4,3,1,3,2,3,4,1,5,5,4,4,4,5,1,3,2,3,2,4,4,3,2,4,3,3,1,3,2,7,7,7,5,3,4,2,20,Chinese,Sociology,1,2,2,4,3,1,surveying student's view of the society ??? (I actually forgot... SORRY!!),2,NA,2,NA,4,3
R_12DzkPZGrfC5UFv,Default Response Set,Anonymous,,,75.157.217.36,0,02/06/2018 21:02,02/06/2018 21:16,1,,,81854,1,35,1,4,2,2,1,4,1,2,1,1,5,2,3,1,2,5,2,4,5,2,2,5,2,2,4,4,1,5,2,2,2,7,7,6,2,1,2,2,2,5,1,3,3,4,6,4,4,5,5,3,6,1,1,2,4,5,4,4,4,5,5,5,6,5,4,5,3,7,2,3,2,4,5,2,5,4,5,4,1,3,2,1,5,5,4,5,4,4,3,5,3,3,4,3,2,4,4,3,3,4,3,2,2,2,3,6,6,4,4,2,4,2,18,Chinese,Economics,5,8,8,8,1,1,Certain situations where you had to decide whether or not to pay money (e.g. pay car ticket or ignore it and risk getting fined) and if you lost all the money you would lose,2,NA,2,NA,4,3
R_272yuEmVNe8JKLu,Default Response Set,Anonymous,,,174.6.84.110,0,15/05/2018 10:59,15/05/2018 11:18,1,,,lguelfi@sfu.ca,1,51,1,5,3,3,3,5,3,4,2,2,4,2,4,4,2,5,2,4,3,3,2,5,5,3,4,4,2,4,3,5,3,4,5,7,3,2,7,7,6,3,5,4,6,6,7,7,7,4,5,2,6,1,4,4,4,3,7,7,7,2,5,5,2,5,5,4,6,4,3,4,5,5,6,5,5,4,3,6,3,6,5,5,6,4,3,4,1,4,3,1,4,4,4,4,4,3,4,4,4,5,5,4,3,5,3,2,4,6,4,2,6,2,21,Italian,Business,15,2,2,2,1,1,"A ball game, probably about reflections ",2,NA,2,NA,5,3
R_cFSH6ijkUVWLjt7,Default Response Set,Anonymous,,,209.52.62.153,0,16/05/2018 18:07,16/05/2018 18:36,1,,,62346,1,30,1,2,6,5,5,2,2,3,3,1,3,3,5,2,2,6,1,3,5,7,5,5,2,3,2,3,1,3,3,2,1,7,7,7,1,1,3,3,2,2,2,5,2,1,2,6,2,5,5,3,2,1,4,4,4,4,5,6,5,5,5,5,5,3,5,1,2,5,2,5,5,6,5,5,6,6,5,5,2,5,5,3,5,4,4,4,4,4,4,4,4,4,4,4,4,4,4,3,3,5,3,1,1,2,1,6,7,4,2,2,4,2,19,"italian, ukranian, aborigional, and scottish",undeclared,8,3,2,2,1,1,how individuals feel on the issue of poverty and if the government is doing enough to help,2,NA,2,NA,5,3
R_2ci7t8Gb4yvokgz,Default Response Set,Anonymous,,,172.103.55.165,0,17/05/2018 14:13,17/05/2018 14:31,1,,,51786,1,70,1,6,6,5,3,6,3,3,5,2,6,2,4,3,2,5,2,4,2,2,5,6,3,2,3,2,2,4,4,4,2,6,6,6,2,2,6,3,2,5,2,4,2,3,6,4,3,6,6,4,5,1,3,2,4,5,6,6,6,5,6,4,6,4,6,5,5,5,1,1,5,6,6,3,7,6,7,6,2,3,3,2,5,5,5,5,3,4,5,5,3,4,3,3,3,4,4,3,3,5,5,4,3,5,4,6,6,4,7,4,4,1,18,Southeast Asian - Vietnamese,Business ,10,2,2,2,3,1,This study was about simulating the effects of economic disparity on individuals that live in poverty. The computer game allowed individuals to try to survive under certain circumstances with a small budget.,2,N/A,2,N/A,5,3
R_2YPypiJ9awEyQuu,Default Response Set,Anonymous,,,184.65.181.78,0,20/05/2018 21:12,20/05/2018 21:19,1,,,23161,1,21,1,5,5,2,4,5,4,4,5,5,4,4,4,4,3,4,4,5,3,6,2,5,2,6,4,3,4,3,5,6,3,4,4,5,3,6,5,4,6,5,2,6,6,5,4,5,4,3,3,3,2,1,2,3,4,3,4,3,5,5,3,5,5,3,5,5,4,3,2,4,4,2,4,4,3,6,3,4,5,3,4,6,4,3,4,4,1,3,2,3,5,4,1,2,1,1,2,2,3,4,2,4,5,6,4,3,4,5,4,5,5,2,19,Sri Lankan,Psychology,6,4,4,4,1,1,We were given a certain amount of money and were a single parent having to take care of a child. It was a game.,2,NA,2,NA,5,3
R_2P7hn3Tz5U9ha0l,Default Response Set,Anonymous,,,96.55.68.169,0,21/05/2018 15:57,21/05/2018 16:16,1,,,78069,1,90,1,5,7,2,2,3,2,3,1,2,7,2,3,2,1,5,3,4,2,5,2,4,1,1,2,2,2,3,1,2,1,6,7,6,1,1,2,2,1,1,1,2,2,1,4,2,1,5,5,5,1,1,1,2,4,4,3,7,2,3,6,7,7,6,4,7,3,7,1,5,2,6,2,5,7,6,6,3,2,1,2,1,5,5,3,5,5,5,5,5,2,2,2,3,2,4,4,4,4,1,2,2,1,1,1,7,4,1,4,2,4,2,20,White,Criminology ,1,8,8,8,1,1,Money ,2,NA,2,Na,5,3
R_DbFeKAHswXhERWh,Default Response Set,Anonymous,,,121.173.94.81,0,21/05/2018 6:59,24/05/2018 13:44,1,,,24334,1,80,1,3,5,5,6,3,1,4,2,3,4,2,6,5,4,3,2,2,4,5,4,2,4,5,5,4,4,4,4,3,5,3,6,6,3,4,4,2,3,5,4,4,3,5,4,5,6,4,3,1,6,1,2,3,3,3,7,4,4,3,4,4,5,3,6,6,2,3,4,5,5,5,4,4,5,4,5,7,7,3,3,4,6,4,4,5,3,4,2,2,4,2,4,5,3,2,3,2,2,4,4,2,4,4,2,4,5,3,6,2,3,4,19,,,,3,3,3,1,1,About how i think of social society especially on the poor and social backgrounds,2,NA,2,NA,5,3
R_pFV0r7lhk0TzO7f,Default Response Set,Anonymous,,,50.69.76.2,0,26/05/2018 10:54,26/05/2018 11:09,1,,,9346,1,50,1,7,4,2,2,6,2,4,2,2,4,4,2,1,1,7,4,4,5,2,4,4,4,3,4,4,2,4,3,4,2,7,7,1,1,1,6,5,4,4,2,5,4,4,6,7,1,5,6,6,4,1,5,5,3,4,6,7,6,6,4,4,2,7,4,7,5,4,2,4,5,7,7,6,7,6,7,5,1,4,6,4,7,3,4,5,3,5,4,5,5,4,5,5,5,4,4,3,3,7,6,4,4,4,4,7,7,4,1,1,1,2,18,Caucasian ,Criminology and Political Science,8,2,5,2,1,1,seeing if the participants answers deviated at all in economic and social issues,2,NA,2,na,5,3
R_2OU9nm95la571QQ,Default Response Set,Anonymous,,,50.98.93.97,0,26/05/2018 16:32,26/05/2018 16:42,1,,,44106,1,41,1,6,5,6,3,4,6,3,5,3,4,5,5,2,3,4,5,2,5,4,4,6,5,5,5,5,3,3,5,5,4,5,5,5,2,2,6,4,5,3,2,5,4,3,6,4,5,6,5,6,5,1,2,3,4,5,7,4,4,6,5,4,6,4,5,4,5,6,1,3,4,6,6,4,5,5,6,4,3,4,5,3,6,4,3,2,4,4,4,3,2,3,3,3,5,3,3,2,2,3,4,5,4,3,4,4,5,4,5,2,4,1,19,Persian,Health Sciences,,3,3,3,1,1,To understand people’s perspectives on social issues.,2,NA,2,NA,5,3
R_1E7opYLwgQFaiDo,Default Response Set,Anonymous,,,184.65.186.144,0,31/05/2018 15:44,31/05/2018 15:53,1,,,78988,1,70,1,7,7,1,1,1,1,1,1,1,7,1,1,7,1,7,1,1,7,1,1,7,1,1,1,7,1,7,7,7,1,7,7,7,1,1,7,1,7,7,1,7,7,7,7,7,7,7,7,7,7,1,5,5,5,5,7,7,7,7,7,1,7,7,7,7,7,1,7,7,1,7,1,7,1,7,7,7,1,7,7,7,7,5,5,5,5,5,5,5,5,5,5,5,5,4,4,4,4,7,1,1,7,7,1,1,7,1,7,1,1,2,18,Sikh,Health Science,7,1,1,1,1,1,"it was about eye perceptions, comparing left and right side of the brain",2,NA / ,2,NA,5,3
R_2VwhxGHyVipolSf,Default Response Set,Anonymous,,,108.180.126.32,0,01/06/2018 0:46,01/06/2018 0:56,1,,,44835,1,55,1,5,4,2,4,5,4,3,3,2,3,1,1,2,1,5,3,4,2,1,3,3,1,2,3,3,4,2,1,1,1,3,3,3,2,1,3,3,2,5,1,2,5,5,2,5,4,6,5,2,2,1,2,2,4,2,7,6,6,4,6,1,6,6,5,4,5,6,4,6,5,5,6,5,4,4,5,3,2,4,5,2,6,2,3,5,3,2,4,3,2,4,4,4,5,4,4,4,4,3,2,5,1,5,4,5,4,5,2,7,7,2,21,cantonese,psych,1,8,8,8,1,1,economic equallty,2,NA,2,NA,5,3
R_2TRXxsSvQ8FR0Mm,Default Response Set,Anonymous,,,207.216.23.30,0,19/05/2018 14:05,19/05/2018 14:15,1,,,93479,1,80,1,5,4,5,1,5,1,2,4,3,4,6,2,2,3,7,3,4,6,3,6,3,4,3,5,3,1,3,5,3,5,6,5,6,2,1,7,5,6,3,6,3,5,6,3,5,3,4,2,3,6,1,3,4,4,4,5,6,6,5,5,5,5,3,5,5,6,4,4,7,5,6,3,4,5,5,6,2,3,4,5,4,6,3,3,4,4,5,3,2,5,5,5,5,4,4,3,3,2,5,5,3,1,5,3,6,7,5,4,4,4,1,19,Mexican ,Criminology and Psychology ,6,3,4,5,1,2,I can not recall ,2,NA,2,NA,6,3
R_Xw9hHgqUBnVDkdP,Default Response Set,Anonymous,,,50.92.19.206,0,20/05/2018 18:00,20/05/2018 18:09,1,,,91166,1,70,1,5,3,5,3,5,6,3,6,5,7,4,4,1,3,3,5,5,4,2,3,4,5,5,3,4,6,4,3,5,7,5,5,5,3,1,7,7,6,5,6,7,6,7,6,5,6,7,7,5,7,1,4,5,3,5,7,5,5,5,6,7,7,4,6,5,7,5,3,3,6,7,7,6,6,7,6,5,3,7,6,3,7,4,3,4,3,5,5,4,5,4,5,5,5,2,2,3,3,6,5,7,6,6,5,1,7,1,4,7,7,2,19,Chinese,Psychology ,6,2,2,4,1,1,How can one’s perspective and personal value affecting the society including social status and economic factor.,2,Na,2,Na,6,3
R_1gABDa8uU8xIqII,Default Response Set,Anonymous,,,75.157.125.231,0,24/05/2018 21:31,24/05/2018 21:45,1,,,27348,1,70,1,6,6,5,2,4,4,3,6,1,6,5,4,4,3,6,3,4,4,3,5,6,1,1,2,4,3,5,4,5,2,6,6,5,4,3,4,4,4,2,1,5,3,4,5,3,5,6,6,6,5,1,3,5,5,3,7,5,6,5,4,5,5,4,4,4,5,5,3,5,6,4,5,5,4,4,5,4,3,6,5,1,6,5,3,3,3,3,4,1,3,4,4,5,5,4,4,3,4,5,5,3,4,6,4,3,7,3,6,4,4,2,18,South Asian ,Criminology,2,2,2,4,1,2,I have no idea that this study is about ,2,NA,2,NA,6,3
R_1esXO50f92190QJ,Default Response Set,Anonymous,,,50.68.23.141,0,01/06/2018 1:36,01/06/2018 1:49,1,,,16983,1,92,1,4,6,3,2,5,5,4,3,3,5,2,2,2,3,6,4,3,4,4,4,5,3,2,2,1,6,2,4,5,5,3,4,5,3,2,5,5,2,5,3,4,4,4,5,5,4,5,3,3,5,1,3,4,4,3,7,7,6,5,7,5,7,6,6,5,5,6,1,3,7,6,6,7,5,4,4,4,2,5,6,3,6,3,3,4,4,5,4,1,5,4,5,5,5,3,2,3,2,7,6,7,6,6,7,6,7,6,2,4,4,2,18,Chinese ,Psychology ,5,3,3,4,1,1,"I do not remember what the study was about, but the questions were very familiar and I had a male research student that helped lead me through the research. ",1,The study was about whether you would give money to the person or not in the video provided. ,2,NA,6,3