V1,V2,V3,V4,V5,V6,V7,V8,V9,V10,Q1,Q22,Q74_1,Q63,Q33,Q34,Q35,Q36,Q37,Q38,Q39,Q40,Q41,Q42,Q43,Q44,Q45,Q46,Q47,Q48,Q49,Q50,Q51,Q52,Q53,Q54,Q55,Q56,Q57,Q58,Q59,Q60,Q61,Q62,Q21,Q24,Q26,Q27,Q28,Q216_1,Q216_2,Q216_6,Q216_7,Q216_12,Q216_13,Q216_15,Q216_17,Q216_22,Q216_24,Q216_30,Q216_34,Q216_35,Q216_36,Q216_37,Q217,Q218_1,Q218_2,Q218_3,Q218_4,Q219_1,Q219_2,Q219_3,Q219_4,Q219_5,Q219_6,Q219_7,Q219_8,Q219_9,Q219_10,Q219_11,Q219_12,Q219_13,Q219_14,Q219_15,Q220_1,Q220_2,Q220_3,Q220_4,Q220_5,Q220_6,Q220_7,Q220_8,Q220_9,Q220_10,Q220_11,Q220_13,Q59_1,Q59_2,Q59_3,Q59_4,Q59_5,Q59_6,Q59_7,Q59_8,Q59_9,Q59_10,Q59_11,Q59_12,Q23_1,Q23_2,Q23_3,Q23_4,Q60_1,Q60_2,Q60_3,Q60_4,Q60_5,Q60_6,Q222_1,Q222_2,Q222_3,Q222_4,Q222_5,Q222_6,Q65,Q67,Q69,Q75,Q71,Q72,Q73,Q74,Q75,Q59,Q60,Q63,Q65,Q61,Q64,Q62,Q59,LocationLatitude,LocationLongitude,LocationAccuracy,
ResponseID,ResponseSet,Name,ExternalDataReference,EmailAddress,IPAddress,Status,StartDate,EndDate,Finished,Thank you for participating in our additional follow-up survey! Please enter the Survey Code foun...,Thank you! Please click the next button to begin the survey.,How happy are you right now?-Happy,Please respond to each question below using the provided scales. ,1. People who are poor benefit from job training programs,2. People who are poor would rather work than be on welfare.,3. People who are poor often have a substance abuse problem,4. Poor children are treated the same as other children in school,5. People are poor because of things that happen to them,6. People who are poor have equal access to health care,7. Politicians care about people who are poor,8. Many people who are poor have a mental illness,9. People who are poor earn what they deserve,10. People who are poor attempt to get out of poverty,11. People who are poor have a problem with learning,12. People who are poor are more likely to be children,13. The business sector is concerned about people who are poor,14. People who are poor will fake illness rather than work,15. People who are poor are often ignored by everyone else,16. The government provides enough free substance abuse programs for people who are poor,17. People who are poor save money,18. Poor children have behaviour problems in school,19. The government does enough to help people who are poor,20. Many people who are poor lack social skills,21. People who are poor benefit from substance treatment programs,22. People are poor because they dropped out of school,23. People who are poor are a drain on health care,24. People are poor because of the choices they make,25. People who are poor get out of poverty by selling drugs,26. People who are poor have the same opportunities to succeed as other Canadians,27. Most people who are poor are adults,28. People who are poor spend their money on drugs or alcohol,29. People get out of poverty by succeeding in school,30. People who are poor do not work because they are lazy,Economic inequality is causing many of the worlds problems.,I am very disturbed by the amount of economic inequality in the world today.,We need to do everything possible to reduce economic inequality in the world today.,The negative consequences of economic inequality have been largely exaggerated.,Economic inequality is not a problem.,Please rate your agreement with each of the following statements on the 1 to 7 scale provided below.-Some people are obese because their parents used to give them food with lots of sugar and fat in it.,Please rate your agreement with each of the following statements on the 1 to 7 scale provided below.-People get obese because they don't exercise very much.,Please rate your agreement with each of the following statements on the 1 to 7 scale provided below.-The parents of most obese people let them watch too much TV when they were children.,Please rate your agreement with each of the following statements on the 1 to 7 scale provided below.-People wouldn't get overweight if they stopped snacking between meals.,Please rate your agreement with each of the following statements on the 1 to 7 scale provided below.-Obese people get obese because they like watching TV too much.,"Please rate your agreement with each of the following statements on the 1 to 7 scale provided below.-Almost all obese people try really hard to lose weight, but they just can't.",Please rate your agreement with each of the following statements on the 1 to 7 scale provided below.-One big reason for getting obese is being lazy.,"Please rate your agreement with each of the following statements on the 1 to 7 scale provided below.-If obese people had more willpower, they would be able to stop eating so much.",Please rate your agreement with each of the following statements on the 1 to 7 scale provided below.-Some people who are obese grew up in places where there are lots of adults who eat too much.,"Please rate your agreement with each of the following statements on the 1 to 7 scale provided below.-By joining weight loss groups, obese people can lose weight.",Please rate your agreement with each of the following statements on the 1 to 7 scale provided below.-People who are obese could be thinner if they really wanted.,Please rate your agreement with each of the following statements on the 1 to 7 scale provided below.-Obese people have medical conditions that cause them to get overweight.,Please rate your agreement with each of the following statements on the 1 to 7 scale provided below.-Most people who are obese inherited genes that cause obesity from their parents.,"Please rate your agreement with each of the following statements on the 1 to 7 scale provided below.-Obese people are ""stuck"" being obese, usually because of hormones they can't control.","Please rate your agreement with each of the following statements on the 1 to 7 scale provided below.-People get obese because in school, at work, and at home, they can get their hands on lots of fatty food.",Please indicate whether you agree with each of the statements below by choosing a number on the r...,"Please indicate whether you agree with each of the statements below by choosing a number on the r...-In general, wealthy people have worked harder than others","Please indicate whether you agree with each of the statements below by choosing a number on the r...-In general, wealthy people have been more skillful in making the best use of their opportunities","Please indicate whether you agree with each of the statements below by choosing a number on the r...-In general, wealthy people have been luckier than others","Please indicate whether you agree with each of the statements below by choosing a number on the r...-In general, wealthy people have received more help from others in the form of inheritances or gifts from their parents",Please rate how important you think each of the following factors are in determining a person's f...-Careful money management throughout life,Please rate how important you think each of the following factors are in determining a person's f...-Hard work and great effort,Please rate how important you think each of the following factors are in determining a person's f...-Being very intelligent,Please rate how important you think each of the following factors are in determining a person's f...-Being ruthless and determined,Please rate how important you think each of the following factors are in determining a person's f...-Very high wages in some business and trades,Please rate how important you think each of the following factors are in determining a person's f...-Being sent to certain schools and universities,Please rate how important you think each of the following factors are in determining a person's f...-Better opportunities for people from certain families,Please rate how important you think each of the following factors are in determining a person's f...-The taxation system,Please rate how important you think each of the following factors are in determining a person's f...-Strong trade unions that get higher wages,Please rate how important you think each of the following factors are in determining a person's f...-The economic system automatically creates inequality,Please rate how important you think each of the following factors are in determining a person's f...-Society rewards those who work hard and take risks,Please rate how important you think each of the following factors are in determining a person's f...-Inheriting money from parents or relatives,Please rate how important you think each of the following factors are in determining a person's f...-Good luck in winning money at gambling,Please rate how important you think each of the following factors are in determining a person's f...-Having a lucky break,Please rate how important you think each of the following factors are in determining a person's f...-Being born with a good business sense,Please rate how much you agree or disagree with each of the following statements regarding why so...-At the root of much crime are early family problems,Please rate how much you agree or disagree with each of the following statements regarding why so...-Drugs are a factor in many crimes,Please rate how much you agree or disagree with each of the following statements regarding why so...-Drugs and alcohol cause crime because people can no longer control their behavior,Please rate how much you agree or disagree with each of the following statements regarding why so...-Poverty and inequality in society are responsible for much of crime,Please rate how much you agree or disagree with each of the following statements regarding why so...-Many crimes are more the result of flaws in society than any basic criminality in the offender,Please rate how much you agree or disagree with each of the following statements regarding why so...-People who commit crimes are usually forced to by the situations they find themselves in,Please rate how much you agree or disagree with each of the following statements regarding why so...-Equitable distributions of wealth in society is the only way we can eliminate crime,Please rate how much you agree or disagree with each of the following statements regarding why so...-People who are too lazy turn to crime,Please rate how much you agree or disagree with each of the following statements regarding why so...-Most criminals deliberately choose to prey on society,Please rate how much you agree or disagree with each of the following statements regarding why so...-Criminals are people who don't care about the rights of others or their responsibility to society,"Please rate how much you agree or disagree with each of the following statements regarding why so...-Once a criminal, always a criminal",Please rate how much you agree or disagree with each of the following statements regarding why so...-People learn to be criminal from associating with people who are criminal,Please indicate how important you think the contribution you think each of the following factors...-Inheritance,Please indicate how important you think the contribution you think each of the following factors...-Political Influence,Please indicate how important you think the contribution you think each of the following factors...-Economic Structure of Society,Please indicate how important you think the contribution you think each of the following factors...-Personal Background,Please indicate how important you think the contribution you think each of the following factors...-Educational Opportunity,Please indicate how important you think the contribution you think each of the following factors...-Wages,Please indicate how important you think the contribution you think each of the following factors...-Prejudice and Discrimination,Please indicate how important you think the contribution you think each of the following factors...-Ambition,Please indicate how important you think the contribution you think each of the following factors...-Ability and Talent,Please indicate how important you think the contribution you think each of the following factors...-Hard Work,Please indicate how important you think the contribution you think each of the following factors...-Effort,Please indicate how important you think the contribution you think each of the following factors...-Money Management,"Please answer the following questions according to the scale below.-How much, if anything, should the government do to reduce poverty?","Please answer the following questions according to the scale below.-How much, if anything, should the government do to reduce the gap between the rich and everyone else?",Please answer the following questions according to the scale below.-How much do you think government policies and programs can do to reduce poverty in this country?,Please answer the following questions according to the scale below.-How much do you think government policies and programs can do to reduce the gap between the rich and everyone else in this country?,Please rate your agreement with each of the following statements on the scale provided.-People who work hard do achieve success,Please rate your agreement with each of the following statements on the scale provided.-If people work hard they do get what they want,"Please rate your agreement with each of the following statements on the scale provided.-With hard work, ethnic minorities are able to climb the ladder of success just as much as Whites",Please rate your agreement with each of the following statements on the scale provided.-Discrimination does not prevent minority groups from getting ahead if they work hard,Please rate your agreement with each of the following statements on the scale provided.-Canada is an open society where all individuals do achieve higher status through hard work,Please rate your agreement with each of the following statements on the scale provided.-Advancement in Canadian society is equally possible for all individuals,"Please read each of the following scenarios about another person, referred to here as person X, a...-Person X meets a new friend who compliments them on their appearance","Please read each of the following scenarios about another person, referred to here as person X, a...-Person X does a project that is highly praised","Please read each of the following scenarios about another person, referred to here as person X, a...-Person X's spouse has been treating them more lovingly","Please read each of the following scenarios about another person, referred to here as person X, a...-A friend comes to Person X with a problem and Person X doesn't try to help","Please read each of the following scenarios about another person, referred to here as person X, a...-Person X meets a friend who acts hostile towards them","Please read each of the following scenarios about another person, referred to here as person X, a...-Person X goes on a date and it goes badly",Are you:,How old are you?,What is your ethnicity?,What is your Major?,What is your household income?,"When it comes to politics, do you usually think of yourself as liberal, moderate, conservative, o...","In general, how liberal (left-wing) or conservative (right-wing) are you on social issues?","In general, how liberal (left-wing) or conservative (right-wing) are you on economic issues?",Would you most closely identify as a:,You participated in a study through RPS either in the Fall 2017 or Winter 2018 term. In this stud...,"Can you describe, in your own words, what this study was about?",There were two conditions to this study and each participant (yourself included) only completed o...,"If so, what were the two conditions? If you can only recall one condition please note that as wel...","Can you recall the specific hypothesis of the study you participated in (i.e., what question the...","If so, what was that hypothesis?  If not, please enter NA.","Lastly, please select the choice that corresponds with the hypothesis the researchers were testing.", Debriefing Form for Social Experiences [2016s0663] Version Date: 08/11/2017  Principal investiga...,LocationLatitude,LocationLongitude,LocationAccuracy,
R_3QXmycKsKdwCvKF,Default Response Set,Anonymous,,,173.180.57.63,0,2018-05-10 18:27:43,2018-05-10 19:38:00,1, 94523,1,65,1,6,5,3,5,5,2,5,5,3,5,3,2,2,3,5,3,4,5,3,5,5,3,5,3,4,1,3,5,5,4,5,3,5,5,3,5,6,4,5,4,3,5,5,6,3,5,5,4,5,5,1,2,2,4,3,6,7,6,5,5,4,2,4,5,5,5,3,5,6,5,5,5,6,5,3,5,4,4,5,3,3,5,1,3,5,2,4,5,3,3,5,5,4,5,3,3,2,3,5,5,5,4,5,3,4,4,4,4,4,4,2,21,Chinese Canadian,Linguistics,5,8,8,8,1,1,"I remember the study being very similar if not the very same questions regarding poverty, crime, and characteristics necessary for success.",2,NA,2,NA,2,1,49.25,-123.13330078125,-1,
R_2YRm3ETf3esOwNF,Default Response Set,Anonymous,,,70.69.108.76,0,2018-05-10 19:08:19,2018-05-10 20:26:26,1,75079,1,52,1,5,6,6,3,5,2,3,2,1,3,2,2,2,3,6,2,2,2,1,2,4,2,2,5,2,1,3,2,2,2,3,5,5,2,1,5,3,2,2,4,5,2,3,2,6,3,6,5,5,3,1,3,4,4,3,7,7,4,4,5,6,3,2,7,4,3,2,1,7,2,5,2,2,5,4,5,1,2,6,6,3,6,2,4,5,3,5,1,5,5,4,4,5,4,4,2,2,1,6,5,2,2,3,3,6,2,6,2,1,5,2,19,half European half fijian,business,10,3,4,3,1,1,economic decisions based on social factors,2,NA,2,NA,4,1,49.266693115234,-122.78329467773,-1,
R_3g4Lsg0tlPHFBis,Default Response Set,Anonymous,,,96.48.253.143,0,2018-05-11 01:35:19,2018-05-11 01:44:50,1,62158 ,1,65,1,6,5,5,6,4,6,3,4,5,6,4,5,5,3,5,3,2,6,2,6,3,5,3,5,3,2,6,3,5,3,3,5,3,5,6,5,5,6,5,6,6,7,5,6,7,5,5,3,6,5,1,5,4,4,5,6,5,7,4,5,4,4,5,5,5,5,5,5,4,4,6,4,7,5,6,5,5,5,6,6,5,6,4,3,4,5,5,4,5,3,5,5,5,4,3,2,4,2,4,6,6,5,6,5,4,6,5,4,6,3,2,19,Chinese,Criminology,2,8,8,8,2,2,"Comparing how personal income can cause crime, health, with consideration of self-values. ",2,n/a,2,n/a,4,1,49.236602783203,-122.85209655762,-1,
R_4SJUPKmirShtqAp,Default Response Set,Anonymous,,,154.20.13.60,0,2018-05-12 06:13:18,2018-05-12 06:32:25,1,66715,1,70,1,7,6,2,2,6,2,4,4,1,6,2,6,4,2,6,2,3,2,1,2,6,3,2,1,2,1,3,2,5,2,5,6,5,2,2,5,4,2,2,2,5,2,2,5,6,2,5,5,5,6,1,1,2,4,4,5,6,3,4,5,6,7,4,4,5,3,7,1,5,4,4,5,5,3,5,5,2,2,2,3,1,4,5,5,5,5,5,4,5,2,2,2,2,3,4,3,3,3,4,3,1,1,2,1,4,5,4,7,2,4,2,22,"First Nations (Nlaka'pamux, Mi'kmaq, Métis, Acadienne)", Molecular biology and biochemistry,1,1,1,2,4,1,Attitudes towards poor people in Canadian society.,2,NA,2,NA,2,1,52.141494750977,-122.14450073242,-1,
R_2qDYTr0TBWOtGGT,Default Response Set,Anonymous,,,204.237.82.33,0,2018-05-12 22:52:25,2018-05-12 23:10:06,1,38589,1,30,1,6,6,2,2,6,2,1,5,2,6,2,4,1,1,6,2,2,4,2,4,6,2,1,2,1,2,4,4,5,1,6,7,5,1,1,3,1,3,1,1,5,1,1,3,5,4,6,5,5,5,1,3,3,3,3,7,6,6,5,4,3,1,6,3,6,5,2,2,1,5,5,4,2,6,5,6,4,2,2,2,1,5,3,3,3,3,3,3,3,3,3,3,3,3,4,4,3,3,5,3,7,1,3,1,4,4,4,4,4,4,2,26,caucasian,psychology,2,3,3,3,1,1,economic inequality?,2,NA,2,NA,2,1,53.183395385742,-114.31880187988,-1,
R_qLbqeIddbhoxd6x,Default Response Set,Anonymous,,,162.156.22.25,0,2018-05-14 19:05:37,2018-05-14 19:21:14,1,82280,1,86,1,5,4,3,3,3,4,2,3,1,5,3,4,2,4,5,4,4,4,2,3,4,3,4,3,2,1,3,3,3,2,6,6,5,3,1,4,6,4,3,5,2,6,4,6,4,7,4,1,1,5,1,3,3,3,3,6,6,6,5,4,3,4,6,4,6,2,4,1,6,3,7,7,6,5,5,4,4,3,5,6,3,5,4,4,4,1,4,4,1,4,4,4,4,5,4,4,2,1,4,4,3,5,4,4,5,4,6,6,2,2,1,20,caucasian ,Criminology ,,2,2,2,1,1,trying to manage your money in scenario day to day life without trying to run out of money,2,NA,2,NA,3,1,49.203796386719,-122.99209594727,-1,
R_272yuEmVNe8JKLu,Default Response Set,Anonymous,,,174.6.84.110,0,2018-05-15 10:59:29,2018-05-15 11:18:08,1,lguelfi@sfu.ca,1,51,1,5,3,3,3,5,3,4,2,2,4,2,4,4,2,5,2,4,3,3,2,5,5,3,4,4,2,4,3,5,3,4,5,7,3,2,7,7,6,3,5,4,6,6,7,7,7,4,5,2,6,1,4,4,4,3,7,7,7,2,5,5,2,5,5,4,6,4,3,4,5,5,6,5,5,4,3,6,3,6,5,5,6,4,3,4,1,4,3,1,4,4,4,4,4,3,4,4,4,5,5,4,3,5,3,2,4,6,4,2,6,2,21,Italian,Business,15,2,2,2,1,1,"A ball game, probably about reflections ",2,NA,2,NA,5,1,49.25,-122.94999694824,-1,
R_3s5jATmrOam9Hg4,Default Response Set,Anonymous,,,142.58.83.224,0,2018-05-15 16:45:46,2018-05-15 16:57:59,1,69948,1,87,1,6,6,5,2,5,3,2,6,2,6,4,4,2,2,6,2,6,2,2,4,6,2,3,2,2,2,5,2,4,2,6,6,6,2,1,2,1,2,2,2,6,1,2,2,4,2,6,6,2,2,1,2,1,4,4,6,6,4,3,5,5,4,6,5,4,5,1,1,1,4,4,3,3,3,4,6,3,1,1,1,1,1,3,3,3,5,4,3,1,3,3,5,4,4,3,4,4,4,5,1,2,1,5,2,4,7,1,7,3,4,1,19,Sikh,Computing Science,6,9,1,9,3,1,"This study is about seeing economic differences. The example here was given was obesity, and if they worked hard could they get out of it, the same applied to people are unfortunate, if they worked hard could they get out of proverty. And what other issues are involved in this.",2,NA,2,NA,2,1,49.25,-122.94999694824,-1,
R_1jqQ3Cf0JxjoJka,Default Response Set,Anonymous,,,70.70.248.174,0,2018-05-15 17:11:33,2018-05-15 17:26:02,1,29178,1,70,1,4,5,2,2,4,2,4,2,2,6,3,4,1,2,5,5,4,2,4,2,4,5,4,5,2,2,4,3,3,2,5,4,3,4,4,5,5,3,5,2,2,5,5,5,4,5,3,3,2,5,1,4,4,4,3,6,5,5,5,6,6,5,5,5,4,4,4,1,5,3,5,5,5,5,5,6,3,2,2,3,2,4,3,2,4,3,3,3,4,4,4,3,4,3,3,3,1,2,5,3,2,3,2,2,4,4,4,4,3,4,2,19,White,Political Science,10,2,3,4,1,1,wealth and society ,2,NA,2,Na,4,1,49.106704711914,-122.85760498047,-1,
R_10GgdwjVDdmAlbU,Default Response Set,Anonymous,,,66.183.50.79,0,2018-05-15 14:36:04,2018-05-15 17:40:15,1,98002,1,82,1,7,7,3,2,5,3,2,5,2,6,2,3,2,2,6,2,6,5,2,2,6,6,2,6,2,2,6,3,6,2,7,7,7,1,1,6,6,2,2,5,5,6,6,6,6,6,5,5,6,5,1,4,4,4,4,7,6,6,5,6,6,6,5,6,5,6,6,2,6,6,6,6,6,6,6,6,6,6,5,6,6,6,5,3,5,5,5,5,5,5,5,5,5,5,4,4,4,4,6,6,6,2,5,6,5,7,6,7,1,3,2,19,Chinese,Health Science,15,4,4,4,3,1,The computer game was where you would make choices to decide the fate of character. All of the choices had to do with money and you had to try to keep the character out of poverty.,2,NA,2,NA,4,1,49.22200012207,-123.06829833984,-1,
R_1rppDnc8dZv44GM,Default Response Set,Anonymous,,,184.65.167.144,0,2018-05-15 18:04:22,2018-05-15 18:18:38,1,26220,1,62,1,5,5,6,2,2,1,1,5,3,5,3,5,1,2,6,1,2,5,1,2,5,2,1,1,2,1,5,5,4,2,7,7,6,2,2,3,5,3,2,2,6,3,3,3,5,3,5,5,5,2,1,2,2,4,4,5,4,4,4,4,4,5,4,5,7,4,5,3,4,4,6,6,6,6,6,6,5,4,4,3,2,6,4,4,5,4,4,3,4,4,3,2,3,3,4,4,4,4,3,3,1,1,2,1,5,6,7,6,3,4,2,20,Middle East,Crim,4,3,3,3,1,1,Attitudes towards inequality and social issues based on how happy I am ,2,NA,2,NA,1,1,49.170700073242,-122.73260498047,-1,
R_3Hp4p6m9aD8sDbw,Default Response Set,Anonymous,,,174.7.5.153,0,2018-05-16 10:07:12,2018-05-16 13:47:17,1,68836,1,68,1,7,6,3,5,5,5,3,2,2,5,3,5,2,2,3,3,3,3,2,5,5,2,2,5,3,3,3,3,5,3,7,6,6,6,2,6,7,5,6,4,4,5,5,5,6,6,5,5,3,7,1,3,4,4,4,7,7,6,4,5,5,3,5,5,4,6,6,6,6,6,6,5,5,3,5,5,6,5,3,4,2,5,4,4,3,3,5,4,2,5,5,5,5,5,4,4,3,3,5,5,3,2,4,5,4,7,4,6,2,4,2,19,South Asian (Indian),Behavioural Neuroscience,8,1,2,2,1,1,"To figure out societies perceptions on those who live in poverty, whether or not people believe that those who are in poverty are there by their own fault and whether or not the government should be taking greater actions to create economical equality. ",2,NA,2,NA,4,1,49.18359375,-123.11679840088,-1,
R_cFSH6ijkUVWLjt7,Default Response Set,Anonymous,,,209.52.62.153,0,2018-05-16 18:07:35,2018-05-16 18:36:44,1,62346,1,30,1,2,6,5,5,2,2,3,3,1,3,3,5,2,2,6,1,3,5,7,5,5,2,3,2,3,1,3,3,2,1,7,7,7,1,1,3,3,2,2,2,5,2,1,2,6,2,5,5,3,2,1,4,4,4,4,5,6,5,5,5,5,5,3,5,1,2,5,2,5,5,6,5,5,6,6,5,5,2,5,5,3,5,4,4,4,4,4,4,4,4,4,4,4,4,4,4,3,3,5,3,1,1,2,1,6,7,4,2,2,4,2,19,"italian, ukranian, aborigional, and scottish",undeclared,8,3,2,2,1,1,how individuals feel on the issue of poverty and if the government is doing enough to help,2,NA,2,NA,5,1,50.716705322266,-121.26670074463,-1,
R_3dPNewPlhvvW8Rn,Default Response Set,Anonymous,,,70.68.31.72,0,2018-05-17 13:11:37,2018-05-17 13:26:15,1,79446,1,94,1,4,5,4,2,4,3,3,4,3,4,4,3,3,4,4,3,2,5,2,4,4,4,3,4,2,5,5,5,5,4,5,4,6,4,2,5,5,2,1,3,4,5,4,4,5,3,5,5,5,2,1,3,3,4,3,6,7,5,4,5,4,3,4,4,4,6,3,1,3,2,4,4,4,4,4,4,4,4,4,4,4,4,3,3,3,3,4,4,3,3,3,5,3,4,4,3,3,3,7,7,6,4,6,5,4,7,4,1,4,4,2,18,Caucasian ,Business ,15,2,2,2,1,1,We had to play a short computer game,2,NA,2,NA,3,1,49.219604492188,-122.61640167236,-1,
R_2ci7t8Gb4yvokgz,Default Response Set,Anonymous,,,172.103.55.165,0,2018-05-17 14:13:11,2018-05-17 14:31:03,1,51786,1,70,1,6,6,5,3,6,3,3,5,2,6,2,4,3,2,5,2,4,2,2,5,6,3,2,3,2,2,4,4,4,2,6,6,6,2,2,6,3,2,5,2,4,2,3,6,4,3,6,6,4,5,1,3,2,4,5,6,6,6,5,6,4,6,4,6,5,5,5,1,1,5,6,6,3,7,6,7,6,2,3,3,2,5,5,5,5,3,4,5,5,3,4,3,3,3,4,4,3,3,5,5,4,3,5,4,6,6,4,7,4,4,1,18,Southeast Asian - Vietnamese,Business ,10,2,2,2,3,1,This study was about simulating the effects of economic disparity on individuals that live in poverty. The computer game allowed individuals to try to survive under certain circumstances with a small budget.,2,N/A,2,N/A,5,1,49.286605834961,-123.1157989502,-1,
R_vltPOo5TOSzkH3H,Default Response Set,Anonymous,,,70.70.108.163,0,2018-05-18 15:35:11,2018-05-18 15:42:11,1,49114,1,67,1,4,2,3,3,6,6,3,4,4,4,4,4,4,4,4,4,4,4,4,4,4,4,4,4,4,4,4,4,4,4,4,4,4,4,4,4,4,4,4,4,4,4,4,4,4,4,4,4,4,4,1,3,3,3,3,4,4,4,4,4,4,4,4,4,4,4,4,4,4,4,7,4,4,5,5,5,4,1,4,5,4,7,3,3,3,3,3,3,3,3,3,3,3,3,3,3,3,3,4,4,4,4,4,4,4,4,4,4,4,4,4,,,,,9,9,9,4,1,I don't recall. ,2,NA,2,NA,3,2,49.170700073242,-122.73260498047,-1,
R_32KQ8VKJldONdAn,Default Response Set,Anonymous,,,209.52.88.187,0,2018-05-18 16:14:36,2018-05-18 16:27:20,1,99840,1,33,1,6,5,5,3,5,4,2,5,2,5,3,5,2,2,6,2,2,4,3,5,6,5,3,5,3,3,3,3,5,3,5,6,5,3,1,3,5,3,3,2,3,5,3,6,5,3,5,4,5,5,1,3,2,4,4,4,5,4,4,4,4,5,5,4,5,4,6,1,3,3,5,5,5,5,3,3,4,3,4,5,3,5,4,3,5,3,3,5,4,4,2,4,4,4,3,4,3,3,5,3,3,2,3,3,3,7,3,6,3,4,2,18,White,Behavioural neuroscience,10,2,1,2,3,1,I can’t remember.,2,NA,2,NA,2,1,49.274002075195,-122.76490020752,-1,
R_3Dq0cyLHKslvvyz,Default Response Set,Anonymous,,,199.60.16.22,0,2018-05-18 16:22:09,2018-05-18 16:34:21,1,29818,1,73,1,5,3,6,3,6,3,3,5,2,3,3,2,5,3,6,2,3,2,2,3,5,2,3,5,3,2,6,5,5,3,5,5,7,2,2,5,6,4,3,4,3,6,5,4,5,6,5,5,2,6,1,2,2,5,5,7,5,6,3,7,6,7,3,5,5,5,7,2,6,3,5,6,3,6,2,5,2,2,3,5,2,7,5,3,3,4,4,5,4,4,4,4,4,5,4,3,2,2,5,5,3,2,5,5,2,6,2,5,1,4,2,21,Malaysian/Chinese,Communications,13,3,3,5,1,1,Don't remember,2,NA,2,NA,4,1,49.25,-122.94999694824,-1,
R_1F49QSKiU7gazwz,Default Response Set,Anonymous,,,70.70.5.151,0,2018-05-18 16:20:28,2018-05-18 16:37:46,1,7175,1,35,1,6,5,2,3,4,4,3,2,2,5,3,5,1,3,4,4,4,4,3,2,4,3,3,4,4,3,4,3,4,3,6,6,6,2,2,4,2,2,3,2,3,3,3,4,5,5,5,4,3,5,1,3,3,3,4,7,7,3,6,5,4,4,5,3,4,6,4,1,3,3,4,4,5,5,4,3,4,3,4,4,4,4,4,5,4,4,4,5,4,3,4,3,3,5,4,3,4,3,5,5,4,3,5,5,4,6,4,4,3,4,2,18,Sikh,Bachelor of Science,7,2,2,2,1,1,I think i played a money managing game,2,NA,2,NA,4,1,49.141006469727,-122.85690307617,-1,
R_3nw7257HKlbhBEF,Default Response Set,Anonymous,,,64.114.222.116,0,2018-05-18 15:21:11,2018-05-18 16:59:27,1,60477,1,59,1,7,6,5,3,5,3,5,5,2,6,3,3,2,2,5,3,6,4,3,2,6,3,3,2,3,3,5,3,5,2,7,6,5,2,1,5,6,5,3,3,2,3,5,6,5,3,3,3,2,5,1,3,4,4,4,6,4,4,4,6,6,5,6,5,5,4,5,2,5,4,5,5,5,2,3,5,2,2,2,3,2,6,4,4,5,4,5,4,3,3,3,3,3,4,3,3,2,2,5,5,5,2,5,3,5,5,6,3,3,4,2,18,White,Crimimology,15,3,2,6,1,1,It was about how economic opportunities affect crime and poverty,1,Reading an article and doing a survey,2,NA,1,1,49.315994262695,-123.05760192871,-1,
R_3O0qVVRKZ3SBko7,Default Response Set,Anonymous,,,174.6.148.155,0,2018-05-18 20:18:26,2018-05-18 20:32:08,1,54867,1,90,1,5,6,3,1,5,1,1,3,3,5,2,4,1,1,7,1,4,2,1,3,3,2,1,2,6,1,4,3,2,1,7,7,1,1,1,7,2,2,5,1,3,1,5,7,5,1,5,7,6,7,1,2,3,4,4,4,7,5,2,5,3,7,4,5,6,3,5,3,4,5,3,5,2,7,6,6,2,2,3,3,1,6,4,3,5,5,5,4,5,3,2,3,3,3,4,4,4,4,5,5,6,1,5,1,7,7,7,1,5,4,2,18,Chinese,Psychology ,4,2,2,2,1,1,Cannot remember ,2,NA,2,NA,2,1,49.169998168945,-123.13679504395,-1,
R_1Kvc5m38XUwnLke,Default Response Set,Anonymous,,,64.180.38.29,0,2018-05-18 17:44:38,2018-05-18 21:57:00,1,20659,1,52,1,6,4,5,2,5,3,3,4,3,4,2,4,2,4,5,3,3,4,4,4,5,4,4,5,4,2,4,4,5,3,7,6,5,2,1,5,6,4,5,5,4,5,5,5,6,5,5,5,4,4,1,3,4,4,4,5,5,5,4,5,4,5,4,5,4,5,5,5,6,6,7,6,4,4,4,5,3,3,4,5,3,5,4,4,4,4,4,4,4,4,4,4,4,4,3,3,3,3,5,4,2,3,3,3,6,5,4,4,4,4,2,18,Asian,Criminology ,,8,8,8,4,1,Personal views on society ,2,NA,2,NA,2,1,49.316696166992,-122.73840332031,-1,
R_1exv3Gj6wE79CPt,Default Response Set,Anonymous,,,24.86.12.253,0,2018-05-19 00:45:35,2018-05-19 01:10:22,1,22167,1,13,1,2,5,2,1,7,1,1,5,2,5,5,3,1,2,6,2,3,4,2,7,6,2,1,2,1,1,6,2,2,2,7,7,7,1,1,5,5,2,5,2,5,2,2,5,3,2,5,5,7,5,1,2,4,5,4,4,5,6,6,6,5,7,7,6,7,7,6,1,7,6,6,5,3,7,7,7,6,2,5,6,3,6,4,3,2,5,4,4,3,3,4,5,1,5,2,4,2,2,3,3,2,1,3,1,2,7,3,7,1,4,2,23,Indian,Health Science,4,4,3,3,2,1,"Based on the person's current emotions, what are their perceptions of society",2,NA,2,NA,1,1,49.120498657227,-123.11709594727,-1,
R_3lRnfHrBoGmUY3F,Default Response Set,Anonymous,,,173.177.3.218,0,2018-05-19 10:49:42,2018-05-19 11:08:51,1,61875,1,65,1,5,3,2,1,5,3,3,5,5,6,5,3,3,2,6,2,3,5,1,5,5,2,1,5,2,1,5,5,3,2,6,6,6,3,1,6,6,4,5,5,2,5,5,6,6,5,6,6,3,5,1,2,2,4,4,7,5,4,3,4,5,7,3,4,4,3,7,3,6,4,7,5,6,5,6,3,2,1,2,3,1,6,4,5,4,4,4,4,4,3,3,3,2,3,4,4,3,3,5,5,2,2,6,3,3,7,3,6,2,3,2,19,Chinese,Business,7,2,3,2,1,1,"I took the same survey as this one, but twice. One in the lab and one online later that day.",2,N/A,2,N/A,1,1,45.486099243164,-73.573196411133,-1,
R_2TRXxsSvQ8FR0Mm,Default Response Set,Anonymous,,,207.216.23.30,0,2018-05-19 14:05:06,2018-05-19 14:15:32,1,93479,1,80,1,5,4,5,1,5,1,2,4,3,4,6,2,2,3,7,3,4,6,3,6,3,4,3,5,3,1,3,5,3,5,6,5,6,2,1,7,5,6,3,6,3,5,6,3,5,3,4,2,3,6,1,3,4,4,4,5,6,6,5,5,5,5,3,5,5,6,4,4,7,5,6,3,4,5,5,6,2,3,4,5,4,6,3,3,4,4,5,3,2,5,5,5,5,4,4,3,3,2,5,5,3,1,5,3,6,7,5,4,4,4,1,19,Mexican ,Criminology and Psychology ,6,3,4,5,1,2,I can not recall ,2,NA,2,NA,6,1,49.249206542969,-123.11039733887,-1,
R_20Pq6bdNRSpGADm,Default Response Set,Anonymous,,,73.254.74.132,0,2018-05-19 14:47:30,2018-05-19 15:00:39,1,12675,1,76,1,7,6,5,3,6,2,4,6,3,6,4,3,2,2,5,6,5,4,2,6,6,5,1,6,4,3,5,5,5,4,6,6,6,4,2,6,5,6,5,4,3,6,5,5,6,6,5,5,3,6,1,4,4,4,4,6,7,6,7,5,5,5,5,4,5,7,4,2,5,5,6,6,6,5,3,5,4,4,6,4,3,6,2,3,5,2,4,4,3,5,4,5,5,3,4,3,3,3,5,6,6,3,6,4,5,6,5,3,4,6,1,20,Caucasian,"Art, Performace and Cinema Studies",8,2,2,4,1,1,i guess this study was about how differently people of different background perceive social and economic issues,1,"There was like one person that had the choice of keeping the money, and the other would receive what the person would give them and double?",2,NA,2,1,47.634796142578,-117.25859832764,-1,
R_2YtFdlaG6jMfJH5,Default Response Set,Anonymous,,,24.67.48.104,0,2018-05-19 19:22:41,2018-05-19 20:14:58,1,41043,1,79,1,7,2,3,3,5,2,3,4,3,5,3,7,2,2,5,4,3,5,5,2,5,5,5,3,3,3,2,2,5,2,6,6,6,2,2,6,6,5,1,2,5,3,2,6,5,3,6,5,5,7,1,2,4,4,5,7,5,5,5,6,5,5,5,5,4,5,4,1,4,4,6,3,2,6,6,7,5,1,2,2,2,6,4,4,4,4,5,2,4,3,2,2,2,4,4,4,3,2,5,6,3,3,5,5,4,6,4,7,3,4,2,21,Caucasian,Education,7,2,1,3,3,1,It was to gauge if people felt more sympathy towards poor people after participating in a poverty simulation.,1,Participating in the poverty simulator and the following survey. Completing the follow-up instructions the next day (emailed survery).,1,Do people feel more empathetic towards poor people after engaging in their own poverty simulation scenario.,4,1,50.699798583984,-119.26910400391,-1,
R_UFqnYCSAKQWs2DD,Default Response Set,Anonymous,,,184.65.186.167,0,2018-05-19 21:53:22,2018-05-19 22:04:01,1,70329,1,39,1,3,5,2,6,3,5,5,2,1,5,3,3,5,2,5,3,4,3,3,3,3,2,2,3,3,5,3,3,3,2,5,5,3,3,2,3,3,3,3,3,3,5,3,2,5,3,4,5,3,2,1,2,2,2,4,6,6,6,6,5,6,4,4,6,4,6,5,4,4,6,5,5,5,5,4,5,4,3,5,5,3,5,4,3,4,4,4,4,3,4,4,4,4,4,4,4,4,4,6,6,6,6,4,6,7,1,7,1,7,1,2,19,Indian ,Crim and Psyc,,9,9,9,3,1,I think this study was about equality. ,2,N/A,2,NA,2,1,49.170700073242,-122.73260498047,-1,
R_Xw9hHgqUBnVDkdP,Default Response Set,Anonymous,,,50.92.19.206,0,2018-05-20 18:00:32,2018-05-20 18:09:58,1,91166,1,70,1,5,3,5,3,5,6,3,6,5,7,4,4,1,3,3,5,5,4,2,3,4,5,5,3,4,6,4,3,5,7,5,5,5,3,1,7,7,6,5,6,7,6,7,6,5,6,7,7,5,7,1,4,5,3,5,7,5,5,5,6,7,7,4,6,5,7,5,3,3,6,7,7,6,6,7,6,5,3,7,6,3,7,4,3,4,3,5,5,4,5,4,5,5,5,2,2,3,3,6,5,7,6,6,5,1,7,1,4,7,7,2,19,Chinese,Psychology ,6,2,2,4,1,1,How can one’s perspective and personal value affecting the society including social status and economic factor.,2,Na,2,Na,6,1,49.283294677734,-122.84999847412,-1,
R_WwJPco5Npv2UyLT,Default Response Set,Anonymous,,,108.172.87.49,0,2018-05-20 17:48:47,2018-05-20 18:19:04,1,27425,1,46,1,2,6,6,2,6,1,1,5,2,6,5,1,1,1,6,1,5,5,1,2,2,2,1,2,3,1,5,5,1,1,7,7,7,1,1,5,3,3,1,1,6,1,1,5,5,3,7,5,7,2,1,2,1,1,2,7,4,1,4,4,3,5,1,3,7,3,4,1,1,4,3,5,6,3,6,7,6,1,5,5,1,5,4,3,5,5,5,5,5,4,3,4,4,5,4,4,4,4,2,2,2,1,2,2,5,5,3,4,2,4,2,19,Persian/Moroccan,Psychology,2,1,1,1,1,1,"The study may have been researching how one's environment, upbringing and situation can impact the way they perceive society and its various social and economic issues.",1,"I believe one of the conditions was to complete a follow up survey before the following day. / The other condition, which I am slightly unsure about, was to make it through the computer game without running out of income.",2,NA,4,1,49.266693115234,-122.78329467773,-1,
R_2YPypiJ9awEyQuu,Default Response Set,Anonymous,,,184.65.181.78,0,2018-05-20 21:12:18,2018-05-20 21:19:12,1,23161,1,21,1,5,5,2,4,5,4,4,5,5,4,4,4,4,3,4,4,5,3,6,2,5,2,6,4,3,4,3,5,6,3,4,4,5,3,6,5,4,6,5,2,6,6,5,4,5,4,3,3,3,2,1,2,3,4,3,4,3,5,5,3,5,5,3,5,5,4,3,2,4,4,2,4,4,3,6,3,4,5,3,4,6,4,3,4,4,1,3,2,3,5,4,1,2,1,1,2,2,3,4,2,4,5,6,4,3,4,5,4,5,5,2,19,Sri Lankan,Psychology,6,4,4,4,1,1,We were given a certain amount of money and were a single parent having to take care of a child. It was a game.,2,NA,2,NA,5,1,49.170700073242,-122.73260498047,-1,
R_3Ol8QsgO5G22ybu,Default Response Set,Anonymous,,,70.71.82.34,0,2018-05-20 23:11:27,2018-05-20 23:26:04,1,75638,1,80,1,7,6,5,2,6,2,4,4,3,6,3,3,3,2,6,5,5,3,5,2,7,3,3,5,4,2,5,5,6,3,6,6,6,2,1,5,5,5,3,3,5,5,5,5,5,3,5,5,2,5,1,4,4,4,4,7,7,6,5,4,6,7,3,4,5,6,6,3,5,6,5,5,5,6,3,5,6,4,3,6,3,5,4,3,5,4,3,4,4,3,3,3,3,3,4,4,3,3,6,6,2,2,6,2,4,6,4,4,2,3,2,20,canadian,Health Sciences,10,2,4,8,3,1,Trying to live life from the perspective of a poor individual in a computer game. ,2,NA,2,NA,2,1,49.0791015625,-122.7552947998,-1,
R_W0Qy0gsNsaSGw6t,Default Response Set,Anonymous,,,70.36.58.212,0,2018-05-21 00:58:55,2018-05-21 01:16:12,1,3088,1,85,1,4,5,6,1,4,6,6,6,1,7,4,3,1,1,5,2,6,5,1,1,5,2,2,3,1,1,5,4,5,2,5,5,4,3,1,6,5,2,3,1,6,5,6,6,4,6,5,4,5,3,1,4,5,1,2,7,6,5,6,7,2,4,1,5,5,4,3,1,4,3,6,7,3,5,3,2,1,1,1,2,1,5,1,2,3,4,4,4,2,5,4,5,4,4,4,3,2,2,7,7,7,6,6,5,4,6,4,4,4,4,1,18,White,Psych/Crim,1,3,2,3,1,1,"Not this one particularly. I did several RPS studies, several with computer games, and don't remember this specific one. One was about studying reaction time, another was about disparity in details people notice.",2,na,2,na,3,1,49.29899597168,-123.14080047607,-1,
R_3ZUIAn0QcOR1V1T,Default Response Set,Anonymous,,,93.184.238.211,0,2018-05-21 05:01:48,2018-05-21 05:40:09,1,47157,1,100,1,7,6,1,6,5,6,5,1,1,5,2,1,5,1,1,2,5,2,2,1,5,5,3,5,1,7,2,1,5,1,6,6,7,4,1,2,6,1,6,2,3,5,5,1,7,4,6,6,5,4,1,4,4,2,3,6,7,7,5,4,6,4,1,5,6,7,5,1,5,1,5,5,4,6,5,4,4,1,5,4,4,4,3,2,3,4,5,4,3,5,4,5,5,5,4,4,4,4,7,7,7,4,4,4,7,7,7,7,7,7,2,18,Caucasian ,Psychology ,1,8,8,8,4,1,I don’t remember ,2,NA,2,NA,1,1,40.395294189453,49.882202148438,-1,
R_3iwI1FYFRWLlUyW,Default Response Set,Anonymous,,,96.49.96.173,0,2018-05-21 08:27:27,2018-05-21 08:38:54,1,86482,1,70,1,4,5,5,2,5,1,2,5,3,5,4,3,2,3,5,4,2,5,3,4,5,3,4,2,3,2,5,5,3,2,5,5,5,2,2,2,2,2,2,2,3,3,2,2,2,2,5,2,5,5,1,3,4,4,4,5,4,5,4,4,5,6,4,5,5,4,5,5,5,4,5,5,5,6,4,5,3,2,3,5,3,5,4,4,4,4,4,4,4,4,3,4,3,4,4,3,3,3,5,5,2,2,2,2,4,5,5,6,4,4,2,19,White/European,Criminology,14,2,2,3,1,1,"The connection between personal political values and economic standing and views on those stigmatized in society, like poor people, criminals and those that are obese.",2,NA,2,NA,4,1,49.215103149414,-123.13960266113,-1,
R_2P7hn3Tz5U9ha0l,Default Response Set,Anonymous,,,96.55.68.169,0,2018-05-21 15:57:42,2018-05-21 16:16:02,1,78069,1,90,1,5,7,2,2,3,2,3,1,2,7,2,3,2,1,5,3,4,2,5,2,4,1,1,2,2,2,3,1,2,1,6,7,6,1,1,2,2,1,1,1,2,2,1,4,2,1,5,5,5,1,1,1,2,4,4,3,7,2,3,6,7,7,6,4,7,3,7,1,5,2,6,2,5,7,6,6,3,2,1,2,1,5,5,3,5,5,5,5,5,2,2,2,3,2,4,4,4,4,1,2,2,1,1,1,7,4,1,4,2,4,2,20,White,Criminology ,1,8,8,8,1,1,Money ,2,NA,2,Na,5,1,49.206802368164,-122.48509979248,-1,
R_2TXocdlepuJl48j,Default Response Set,Anonymous,,,96.48.65.200,0,2018-05-21 16:11:25,2018-05-21 16:20:47,1,79505,1,35,1,5,4,2,4,2,2,2,3,1,4,4,3,2,3,6,2,5,5,7,5,5,5,4,4,5,2,4,6,6,2,6,7,6,4,1,6,2,5,3,2,4,4,3,3,5,5,6,5,2,6,1,3,3,3,4,7,7,7,6,4,7,5,2,4,6,5,3,3,4,4,6,5,5,5,5,5,4,1,3,2,2,5,3,2,4,4,4,2,4,5,4,5,4,5,4,2,3,3,4,4,4,4,4,4,5,2,6,1,2,1,2,18,Middle Eastern,Behavioural Neuroscience ,14,3,8,8,4,1,Don’t remember ,2,NA,2,NA,2,1,49.219604492188,-122.61640167236,-1,
R_bDVVRrjYknyVP4B,Default Response Set,Anonymous,,,66.183.14.148,0,2018-05-21 17:37:35,2018-05-21 17:48:36,1,47994,1,35,1,6,4,4,5,4,3,2,4,3,5,4,4,4,3,5,4,4,3,4,3,4,4,4,4,3,3,4,4,5,4,6,5,5,4,3,4,4,4,4,3,4,3,5,5,5,3,5,2,3,2,1,3,4,4,4,6,5,6,4,5,5,5,4,5,4,4,6,3,5,5,6,6,5,5,5,6,5,2,3,3,3,6,5,5,3,4,4,5,3,4,5,3,3,4,3,4,2,2,5,5,5,4,4,4,4,7,5,7,4,3,2,18,Chinese Canadian,Criminology,,8,8,8,1,1,Understanding how people live in poverty,2,NA,2,NA,2,1,49.280700683594,-123.03970336914,-1,
R_20NEHOVzpyWmqek,Default Response Set,Anonymous,,,96.49.77.142,0,2018-05-21 17:30:08,2018-05-21 17:48:46,1,75551,1,10,1,6,5,5,2,4,6,4,5,4,6,4,5,1,1,5,4,2,5,5,3,5,3,3,4,2,5,3,3,5,3,7,7,6,2,2,7,6,5,4,5,3,5,5,6,6,5,3,4,3,4,1,4,4,4,4,7,6,6,5,7,6,5,4,5,5,6,4,2,5,6,7,5,2,7,5,5,1,2,3,2,1,7,4,4,4,4,4,4,4,4,3,3,3,3,4,3,3,3,7,5,5,5,6,5,5,7,6,6,4,6,1,20,fijian,criminology,10,3,1,4,1,1,obviously testing social/political values and some sort of relation. There was a lot of very obviously conservative options and very obvious left-wing options. /  / I'm guessing the the set of questions about obesity is filler/to distract from the rest.,1,"One was where you played a game where you have things happen to you (like a broken car) that show that poverty may not be because of that person's laziness, then the survey, whereas one only did the survey. /  / note on the last question: I think the study was on how much we think society vs. personal problems are the cause of a person's economic issues. The game was used as a prime to see if showing people how things can happen and affect a person's economic situation affects their thinking, and this subsequent survey was to see if the effect on thinking remained.",2,NA,4,1,49.283294677734,-122.84999847412,-1,
R_1gO48ibu5KYqhfP,Default Response Set,Anonymous,,,70.68.162.143,0,2018-05-21 17:59:15,2018-05-21 18:07:02,1,54925,1,51,1,7,6,6,1,6,1,3,7,2,4,2,2,4,2,6,2,4,3,2,3,7,5,4,5,1,6,5,4,6,2,4,4,4,4,4,4,4,4,4,4,4,4,4,4,4,4,4,4,4,4,1,3,3,3,3,4,4,4,4,4,4,4,4,4,4,4,4,4,4,4,4,4,4,4,4,4,4,4,4,4,4,4,3,3,3,3,3,3,3,3,3,3,3,3,3,3,3,3,4,4,4,4,4,4,4,4,4,4,4,4,2,19,white,crime,14,8,8,8,4,2,i dont know,2,na,2,na,2,1,49.283294677734,-122.84999847412,-1,
R_stGg9eo1VE7LlKN,Default Response Set,Anonymous,,,172.218.135.86,0,2018-05-22 10:50:45,2018-05-22 11:06:55,1,79031,1,60,1,5,6,5,3,5,6,3,5,3,5,5,5,3,3,5,3,5,5,3,3,3,3,3,3,3,3,3,3,3,3,6,6,5,3,1,3,5,3,5,2,5,2,3,5,5,3,5,5,3,5,1,2,2,4,3,7,7,6,7,5,3,5,5,5,5,5,5,1,1,6,5,5,3,5,3,5,5,3,3,5,2,5,4,5,4,4,2,4,4,4,4,5,5,5,4,3,3,3,5,5,3,2,5,5,2,3,3,6,1,3,2,21,White,Health Science,9,3,2,4,3,1,"My judgment on inequalities, and attributing the blame to the individual or society",2,NA,2,NA,2,1,49.274002075195,-122.76490020752,-1,
R_U9GEQVt6jHsbxW9,Default Response Set,Anonymous,,,24.86.238.73,0,2018-05-22 13:32:35,2018-05-22 13:54:32,1,68334,1,76,1,6,6,4,3,4,4,3,4,2,6,3,3,3,2,7,2,4,4,3,3,5,2,2,4,2,2,6,3,4,2,5,6,5,4,3,4,4,2,3,2,3,3,3,3,4,2,5,4,5,3,1,4,4,4,3,6,6,6,5,5,4,5,4,4,5,5,4,1,5,5,5,5,4,5,3,4,4,2,4,4,2,6,3,3,4,4,4,4,4,3,3,3,3,3,3,3,3,3,6,5,4,3,3,4,3,6,4,7,4,4,2,18,Caucasian,Psychology,11,3,2,8,1,1,The study was about measuring empathy towards people in poverty or criminals. The short game that some of the participants played was meant to show them what it would be like living as someone in poverty and seeing if it would change the participants' perspective on the poor and if they woulld have more empathy for them after seeing what it would be like to live that way.,1,"In one condition the participant just filled out a survey, in the other the participant also played a game where they lived the life of someone in poverty.",1,Does seeing things from the perspective of someone in poverty increase one's empathy for them and believe them to be less at fault for their situation.,4,1,49.037399291992,-122.82989501953,-1,
R_1FKAixVIOVoWfHS,Default Response Set,Anonymous,,,209.52.88.40,0,2018-05-22 14:59:39,2018-05-22 15:12:39,1,19329,1,70,1,6,6,2,1,5,1,1,6,1,7,1,4,1,1,7,1,5,3,1,1,6,1,1,1,5,1,6,2,5,1,7,7,7,1,1,5,1,1,1,1,6,1,1,5,5,1,5,5,6,1,1,2,1,4,5,3,4,4,4,7,5,7,7,7,7,3,6,5,7,5,5,7,5,7,7,7,5,1,2,1,2,5,5,5,5,5,5,4,5,2,1,2,2,2,4,4,4,4,6,1,1,1,1,1,6,6,2,2,2,5,2,22,Iranian,Engineering Science ,2,9,1,2,3,1,"Seeing how being in the shoes of someone poor, as someone whos not poor, affects empathy for their issues and how they come to be (them vs things happening to them)",1,Having the simulation and not having it. Both conditions filled the same survey,1,People who did the simulation will be more empathetic on the survey than those who didnt,4,1,49.13639831543,-122.82130432129,-1,
R_1EXa5xvSJ8oSoiV,Default Response Set,Anonymous,,,67.183.174.153,0,2018-05-22 19:37:35,2018-05-22 19:57:03,1,75611,1,40,1,6,6,3,5,5,6,3,2,3,6,1,2,2,2,4,5,5,2,5,2,4,1,2,3,1,5,6,1,6,2,7,7,6,2,2,3,6,3,2,2,3,5,5,6,5,6,3,5,2,2,1,2,4,4,4,7,7,6,5,7,5,4,5,5,4,5,5,1,5,7,7,7,7,7,6,5,5,2,4,3,5,6,4,3,5,3,4,5,4,5,4,5,5,4,4,4,4,4,5,5,5,3,5,6,4,7,7,7,1,4,1,19,South Asian,Criminology,11,3,2,2,1,1,"There were many, one was about financial management, and how external factors can greatly affect ones progress to comfortably live",2,NA,2,NA,2,1,47.870300292969,-121.8809967041,-1,
R_3IPDEy1GTk8qmSS,Default Response Set,Anonymous,,,50.68.94.208,0,2018-05-22 21:45:25,2018-05-22 21:57:40,1,47697,1,80,1,7,6,2,3,6,3,2,2,3,6,2,4,3,1,5,3,5,2,2,3,4,3,2,3,1,3,4,1,5,1,5,6,5,3,2,5,4,2,2,2,4,3,3,5,5,4,5,5,4,5,1,4,4,3,3,7,6,6,5,5,5,4,4,5,6,5,5,1,2,4,6,4,4,3,5,5,3,2,3,4,2,5,2,4,4,3,4,4,4,4,4,4,5,5,4,4,3,3,4,2,5,2,2,3,5,5,4,5,4,4,1,19,White/European,Resources and Environmental Management,13,3,2,3,3,2,Societal and Individual factors influencing wealth and economic disparity. ,2,NA ,2,NA ,3,1,49.315994262695,-123.05760192871,-1,
R_Xqhb3ljtd7nhcqt,Default Response Set,Anonymous,,,142.179.126.45,0,2018-05-22 23:35:46,2018-05-22 23:55:37,1,62673,1,36,1,3,6,3,2,5,5,3,3,2,6,3,4,5,2,5,4,3,3,3,2,4,2,2,3,2,3,4,3,2,2,5,5,3,4,3,3,5,3,5,3,5,3,5,3,5,5,5,5,5,3,1,3,2,4,4,4,3,5,4,5,4,5,4,4,5,3,5,3,5,5,5,4,5,5,5,5,5,3,3,4,2,2,4,4,4,3,4,4,4,4,4,3,3,4,3,3,3,3,3,2,2,2,3,3,2,2,2,3,6,4,1,19,White,Interactive arts and tech,9,3,2,6,1,1,I dont remember,2,NA,2,NA,2,1,49.274002075195,-122.76490020752,-1,
R_3h9fWbRddcKuq1v,Default Response Set,Anonymous,,,207.216.57.94,0,2018-05-22 22:22:12,2018-05-23 00:52:22,1,59332,1,80,1,6,4,3,5,3,5,3,1,3,4,2,2,2,2,5,4,5,1,3,2,6,1,1,6,1,2,5,2,5,1,4,7,7,2,1,6,6,2,5,2,6,5,5,5,1,3,6,5,5,5,1,3,4,4,5,7,7,6,2,5,3,7,6,5,6,7,7,1,4,5,3,3,5,4,5,1,1,1,7,4,3,2,5,3,5,5,4,5,1,5,5,5,5,5,4,4,3,3,7,5,6,3,5,6,4,7,4,7,1,7,2,18,Chinese,Psychology ,2,9,9,9,1,2,"The study researches on political and economic balance of the society, and whether students tend to believe in fate or themselves. Additionally, the effect of an initial study and after effect is studied, I assume. ",2,"NA /  / i'm not too sure what you mean by conditions, but okay",2,NA ,2,1,43.631896972656,-79.371597290039,-1,
R_20VD4LGZdTmI3Y5,Default Response Set,Anonymous,,,207.23.203.125,0,2018-05-23 12:16:29,2018-05-23 12:34:10,1,61340,1,60,1,5,5,3,2,4,3,1,3,1,5,2,6,1,2,5,2,2,3,1,3,4,5,1,5,1,2,3,3,5,2,5,6,5,2,1,5,2,1,1,1,5,1,1,5,5,1,6,7,7,2,1,2,3,5,4,7,3,4,5,5,6,7,1,4,7,1,7,1,6,1,3,3,2,7,7,7,7,1,1,2,1,4,5,5,5,5,5,5,5,2,3,2,3,3,4,3,4,3,3,3,4,2,1,2,3,7,7,7,4,5,2,20,Filipino,Psychology ,2,8,3,1,3,1,"If I am recalling the study correctly, they wanted to see whether the financial game (choosing budgeting, insurance, etc) would affect my mood and primarily influence my political views. ",2,NA,2,NA,2,1,49.25,-122.94999694824,-1,
R_3L7r9JDxLDT5cya,Default Response Set,Anonymous,,,96.55.226.111,0,2018-05-23 15:37:45,2018-05-23 16:17:07,1,56968,1,81,1,6,6,4,2,4,3,5,2,5,4,3,3,5,2,5,4,2,4,4,4,6,6,6,5,2,2,6,3,6,5,5,1,1,4,5,6,5,5,1,1,2,5,7,7,7,7,1,1,1,5,1,5,5,3,3,7,6,6,5,6,5,5,4,6,4,5,4,1,4,5,3,4,3,6,2,3,1,1,2,5,1,7,2,4,3,4,5,3,4,4,4,5,5,4,3,2,3,3,5,5,3,4,5,3,5,6,6,5,3,4,1,23,white,general studies,9,4,4,4,1,2,"I can't remember the study exactly, hence why I clicked no. I remember doing one where there was a black screen and white boxes  and I had to press space at a certain time. It was important that I didn't press space too early, so patience was key. ",2,NA,2,NA,2,1,49.194793701172,-122.81309509277,-1,
R_DbFeKAHswXhERWh,Default Response Set,Anonymous,,,121.173.94.81,0,2018-05-21 06:59:21,2018-05-24 13:44:36,1,24334,1,80,1,3,5,5,6,3,1,4,2,3,4,2,6,5,4,3,2,2,4,5,4,2,4,5,5,4,4,4,4,3,5,3,6,6,3,4,4,2,3,5,4,4,3,5,4,5,6,4,3,1,6,1,2,3,3,3,7,4,4,3,4,4,5,3,6,6,2,3,4,5,5,5,4,4,5,4,5,7,7,3,3,4,6,4,4,5,3,4,2,2,4,2,4,5,3,2,3,2,2,4,4,2,4,4,2,4,5,3,6,2,3,4,19,,,,3,3,3,1,1,About how i think of social society especially on the poor and social backgrounds,2,NA,2,NA,5,1,37.598495483398,126.97830200195,-1,
R_2PBGpq6gDjytQNq,Default Response Set,Anonymous,,,184.151.231.122,0,2018-05-24 13:46:02,2018-05-24 13:59:49,1,14421,1,61,1,5,4,4,3,5,2,4,4,3,5,4,4,4,4,4,4,4,4,4,4,5,4,4,4,4,3,4,4,5,4,5,5,5,3,3,4,4,4,4,4,4,4,4,4,4,4,4,4,4,4,1,3,3,4,3,5,5,5,4,5,4,5,5,4,5,4,5,4,5,4,4,4,4,4,4,4,4,4,4,4,4,4,4,2,3,3,3,3,3,3,3,3,3,3,3,3,3,3,5,4,4,3,4,3,4,4,4,4,4,1,2,27,Canadian ,Counselling and Human Development ,1,4,4,4,4,1,Experiencing the difficult choices made by people experiencing poverty and the influence of these experiences on attitudes and beliefs about poverty ,2,NA,2,NA,2,1,49.217498779297,-123.03799438477,-1,
R_8nXrpBQkNDmy8mZ,Default Response Set,Anonymous,,,50.68.22.61,0,2018-05-24 16:41:14,2018-05-24 16:50:10,1,44719,1,90,1,6,6,4,3,5,4,3,4,4,4,4,4,4,4,4,4,4,4,4,4,4,4,4,4,4,4,4,4,4,4,4,4,4,4,4,4,4,4,4,4,4,4,4,4,4,4,4,4,4,4,1,3,3,3,3,4,7,5,4,4,4,4,4,4,4,4,5,2,2,4,4,4,4,4,4,4,4,4,4,4,4,4,1,3,4,3,5,4,4,5,3,5,5,5,3,3,3,3,4,4,4,4,4,4,4,4,4,4,4,4,2,18,Chinese,Psychology,2,8,9,9,4,1,I don't remember much. ,2,NA,2,NA,2,1,49.22200012207,-123.06829833984,-1,
R_1gABDa8uU8xIqII,Default Response Set,Anonymous,,,75.157.125.231,0,2018-05-24 21:31:40,2018-05-24 21:45:56,1,27348,1,70,1,6,6,5,2,4,4,3,6,1,6,5,4,4,3,6,3,4,4,3,5,6,1,1,2,4,3,5,4,5,2,6,6,5,4,3,4,4,4,2,1,5,3,4,5,3,5,6,6,6,5,1,3,5,5,3,7,5,6,5,4,5,5,4,4,4,5,5,3,5,6,4,5,5,4,4,5,4,3,6,5,1,6,5,3,3,3,3,4,1,3,4,4,5,5,4,4,3,4,5,5,3,4,6,4,3,7,3,6,4,4,2,18,South Asian ,Criminology,2,2,2,4,1,2,I have no idea that this study is about ,2,NA,2,NA,6,1,49.141006469727,-122.85690307617,-1,
R_3qe8UNFY7q6TATJ,Default Response Set,Anonymous,,,24.84.156.118,0,2018-05-24 21:06:31,2018-05-24 21:53:11,1,16403,1,72,1,5,6,3,2,2,2,3,4,3,5,5,4,3,3,5,2,4,5,2,5,4,2,2,2,4,2,4,3,3,3,5,5,6,2,1,5,3,3,5,3,4,4,3,4,3,3,5,5,4,4,1,2,2,3,3,6,6,5,4,3,2,4,3,5,5,3,2,2,2,4,5,4,5,5,5,5,5,2,2,3,3,5,2,2,4,3,5,3,2,3,4,4,4,3,3,4,3,3,5,3,2,2,3,4,3,6,4,5,3,4,2,18,Chinese,Health Sciences,1,3,3,4,1,1,Choices and money management,2,NA,2,NA,4,1,49.280700683594,-123.03970336914,-1,
R_1pWDOi1i3WzX8rV,Default Response Set,Anonymous,,,96.48.225.89,0,2018-05-24 12:31:17,2018-05-24 12:44:36,1,29323,1,81,1,5,6,6,2,3,2,3,5,1,6,4,4,2,2,6,2,2,5,2,6,6,4,2,2,2,2,4,3,5,1,5,4,4,4,4,6,5,3,5,3,5,3,3,5,5,3,5,5,3,5,1,3,4,4,4,5,3,5,6,6,7,6,5,7,5,5,6,4,7,4,5,5,5,5,3,5,3,3,4,5,2,5,3,4,4,4,5,4,4,4,3,3,2,4,4,4,3,3,2,2,2,3,3,2,4,6,2,7,2,2,2,19,Caucasian ,Psychology ,6,2,2,2,1,1,How we viewed poverty before and after 'experiencing it' through an interactive game ,2,NA,2,NA,4,1,49.283294677734,-122.84999847412,-1,
R_11gVBY0yTRvj8vS,Default Response Set,Anonymous,,,207.23.195.178,0,2018-05-25 09:36:04,2018-05-25 10:10:47,1,61450,1,75,1,6,4,5,3,5,4,5,3,3,5,5,4,3,2,4,3,5,3,4,5,5,5,4,5,4,3,5,5,5,4,6,5,6,4,2,6,6,5,5,4,5,5,6,4,5,5,5,5,3,7,1,2,3,5,4,7,6,6,5,6,6,5,4,5,5,6,5,4,3,5,5,5,7,5,5,5,3,3,5,5,4,6,4,4,3,3,5,4,2,4,5,5,5,3,3,3,2,2,6,5,3,5,5,3,5,7,5,3,5,5,2,19,Asian,Kinesiology,7,2,2,2,1,1,This study was about contributions of economic inequality and substance abuse on one's economic standing.,2,NA,2,NA,4,1,49.25,-122.94999694824,-1,
R_t053v8bKX24boLT,Default Response Set,Anonymous,,,96.55.31.29,0,2018-05-18 10:52:20,2018-05-18 14:10:46,0,68307,1,75,1,6,4,5,5,4,2,2,5,2,4,4,4,2,4,5,6,4,5,2,5,5,4,2,5,4,2,4,5,5,3,5,5,6,4,2,5,5,3,4,3,5,5,4,6,5,4,6,5,5,6,1,2,4,4,4,,,,,,,,,,,,,,,,,,,,,,,,,,,,,,,,,,,,,,,,,,,,,,,,,,,,,,,,,,,,,,,,,,,,,,,,,,,-1,
R_3GB2SJsuSl4rKDf,Default Response Set,Anonymous,,,50.92.162.229,0,2018-05-25 17:13:16,2018-05-25 17:48:27,1,18992,1,65,1,6,6,5,2,5,2,2,4,2,5,3,7,3,3,6,4,2,3,2,2,5,3,2,2,2,2,2,5,5,3,6,6,6,5,1,5,6,5,5,5,3,5,3,5,6,3,5,2,4,6,1,3,4,4,4,7,6,5,3,6,7,7,5,5,5,6,6,4,6,6,6,4,5,3,3,2,4,4,2,3,2,6,5,4,4,5,5,4,5,3,2,2,2,4,3,4,3,3,5,5,3,3,5,5,7,4,5,5,5,4,1,22,Asian,Criminology,5,5,5,2,3,1,"No, sorry I forgot what the study was about.",2,NA,2,NA,1,1,49.25,-122.94999694824,-1,
R_1n7KgntSVIPtvUz,Default Response Set,Anonymous,,,207.228.78.104,0,2018-05-25 18:49:20,2018-05-25 19:06:24,1,69844,1,100,1,5,6,2,2,5,6,3,2,1,6,1,4,2,1,5,2,6,1,2,2,2,3,1,3,1,2,4,1,3,1,5,6,6,2,1,6,5,3,3,2,2,5,3,5,6,5,3,2,1,5,1,2,4,4,4,7,7,5,3,6,5,7,5,4,5,3,7,1,5,4,5,5,3,5,2,5,4,2,5,5,1,6,4,3,3,4,4,4,5,4,4,4,4,4,4,2,3,3,3,3,2,1,3,2,4,6,3,6,1,4,2,19,white,psychology,15,8,8,8,1,1,I did too many to remember specifically,2,NA,2,NA,1,1,53.658493041992,-113.36139678955,-1,
R_3Eokqz8Wqxr8s1s,Default Response Set,Anonymous,,,24.87.68.111,0,2018-05-25 20:00:46,2018-05-25 20:10:02,1,2715,1,51,1,4,4,3,3,5,5,4,3,4,4,4,3,4,4,5,4,4,4,4,4,4,4,4,4,4,4,4,4,4,4,4,4,4,4,4,4,5,4,4,4,4,4,4,4,4,4,4,4,4,4,1,3,3,4,4,5,5,5,4,5,5,5,5,5,4,4,5,3,4,4,4,5,4,4,4,4,4,3,4,4,3,4,4,3,4,4,4,4,3,4,4,4,4,4,3,3,3,3,5,5,5,4,4,4,4,4,5,3,4,4,2,18,asian,criminology,1,8,8,8,2,1,do not remember in detail,2,NA,2,NA,4,2,49.132293701172,-123.17050170898,-1,
R_pFV0r7lhk0TzO7f,Default Response Set,Anonymous,,,50.69.76.2,0,2018-05-26 10:54:32,2018-05-26 11:09:41,1,9346,1,50,1,7,4,2,2,6,2,4,2,2,4,4,2,1,1,7,4,4,5,2,4,4,4,3,4,4,2,4,3,4,2,7,7,1,1,1,6,5,4,4,2,5,4,4,6,7,1,5,6,6,4,1,5,5,3,4,6,7,6,6,4,4,2,7,4,7,5,4,2,4,5,7,7,6,7,6,7,5,1,4,6,4,7,3,4,5,3,5,4,5,5,4,5,5,5,4,4,3,3,7,6,4,4,4,4,7,7,4,1,1,1,2,18,Caucasian ,Criminology and Political Science,8,2,5,2,1,1,seeing if the participants answers deviated at all in economic and social issues,2,NA,2,na,5,1,52.141494750977,-122.14450073242,-1,
R_1CKDDUI21lvihln,Default Response Set,Anonymous,,,184.65.178.1,0,2018-05-19 11:12:54,2018-05-19 15:19:02,0,18917,1,39,1,6,6,5,5,6,4,5,4,2,6,2,2,2,1,6,2,4,2,2,3,5,4,2,1,2,2,4,2,6,1,6,6,6,2,1,5,1,2,2,1,4,1,1,6,5,2,6,5,2,4,1,2,2,4,2,5,5,5,5,5,5,5,5,5,4,5,6,5,5,5,6,4,4,5,6,4,2,2,2,2,1,6,4,4,4,4,4,4,4,4,4,4,4,4,4,4,4,4,5,3,2,2,3,3,4,4,4,4,4,4,2,18,White,undecided,15,2,1,2,1,1,"This study was about economic issues in Canada such as income inequality and poverty, by asking the views of randomly selected individuals and later asking their economic and ethnic background in attempt to possibly find patterns in response between participants based on their backgrounds ",2,NA,2,NA,2,,,,-1,
R_2OU9nm95la571QQ,Default Response Set,Anonymous,,,50.98.93.97,0,2018-05-26 16:32:12,2018-05-26 16:42:04,1,44106,1,41,1,6,5,6,3,4,6,3,5,3,4,5,5,2,3,4,5,2,5,4,4,6,5,5,5,5,3,3,5,5,4,5,5,5,2,2,6,4,5,3,2,5,4,3,6,4,5,6,5,6,5,1,2,3,4,5,7,4,4,6,5,4,6,4,5,4,5,6,1,3,4,6,6,4,5,5,6,4,3,4,5,3,6,4,3,2,4,4,4,3,2,3,3,3,5,3,3,2,2,3,4,5,4,3,4,4,5,4,5,2,4,1,19,Persian,Health Sciences,,3,3,3,1,1,To understand people’s perspectives on social issues.,2,NA,2,NA,5,1,49.194793701172,-122.81309509277,-1,
R_2f2L98xgo3MkpmA,Default Response Set,Anonymous,,,64.180.115.118,0,2018-05-26 16:42:42,2018-05-26 17:09:36,1,69523,1,45,1,6,6,4,4,5,3,3,4,4,5,3,4,3,3,5,4,4,3,4,2,5,3,3,4,2,2,4,3,4,3,5,5,5,4,3,5,4,1,4,1,5,3,2,6,6,4,5,5,5,2,1,3,4,2,4,5,5,4,4,5,5,6,4,4,5,4,6,2,3,5,5,5,4,4,3,4,4,5,5,5,3,5,3,4,4,4,4,3,4,3,3,2,3,3,4,3,3,2,6,4,5,5,5,4,4,5,4,6,4,4,2,,,,,3,2,4,1,1,The potential influence on one's social and economic views due to the perspective offered by the game?,2,NA,2,NA,4,2,49.25,-122.94999694824,-1,
R_Y93Jfdk75JblDzz,Default Response Set,Anonymous,,,23.16.206.87,0,2018-05-26 16:42:13,2018-05-26 17:11:39,1,76838,1,70,1,5,4,4,3,5,2,5,4,4,5,2,4,3,3,5,3,2,3,3,5,5,3,4,5,4,2,3,5,6,3,5,2,4,5,3,4,6,4,6,4,2,6,6,4,4,6,4,4,2,5,1,3,5,4,4,7,7,7,6,6,5,6,2,5,3,5,5,2,6,6,6,6,7,3,2,2,1,4,4,6,5,5,3,3,3,4,4,3,3,3,5,4,4,5,3,2,2,2,5,5,3,2,3,4,2,6,3,6,3,4,2,2p,Asian,psychology,15,4,3,3,1,1,"It was about how poor people consider equality in the society. Throughout the game, participates acted as a poor person who has to handle everything with a limited amount of money.",1,I am not sure. It should be whether the participant played the computer game before filling out the questionnaire,2,NA,4,1,49.280700683594,-123.03970336914,-1,
R_x6hJhcqPfl9dail,Default Response Set,Anonymous,,,135.0.178.77,0,2018-05-26 17:20:38,2018-05-26 17:31:58,1,72267,1,69,1,5,5,2,3,4,3,2,2,2,5,2,4,2,2,6,4,2,2,2,2,5,2,2,3,5,2,3,5,5,2,6,7,7,3,1,5,2,2,3,2,5,2,5,3,2,4,3,5,5,5,1,3,2,4,2,7,7,6,5,5,6,6,5,5,5,6,5,5,5,5,6,5,5,6,6,4,3,3,6,4,1,7,4,3,5,3,5,4,5,4,4,4,4,5,4,4,4,4,5,5,2,1,2,2,4,4,4,4,4,4,2,19,Asian ,Psychology ,5,8,8,8,2,1,Society and equality ,2,NA,2,NA,4,1,49.230194091797,-122.99520111084,-1,
R_1eOTssCTUCXCXju,Default Response Set,Anonymous,,,70.71.185.140,0,2018-05-26 17:29:45,2018-05-26 17:35:01,1,48060,1,82,1,4,4,4,5,5,5,5,5,4,4,5,5,4,3,3,5,3,3,5,6,3,6,5,3,5,3,6,5,5,3,5,6,3,5,5,3,3,5,3,6,3,5,5,5,5,5,5,5,5,3,1,4,4,2,4,5,5,5,5,4,3,5,5,5,4,4,4,5,5,4,4,4,5,3,5,3,5,4,5,5,3,4,3,4,3,4,4,4,3,4,3,3,4,4,3,2,3,4,5,5,4,4,5,4,5,4,4,5,4,3,1,23,Indian,Kinesiology,1,2,1,8,2,2,People's perspective on society and issues affecting society,2,N/A,2,NA,1,1,49.283294677734,-122.84999847412,-1,
R_3Jw2O9ezsJJcyNu,Default Response Set,Anonymous,,,24.80.150.150,0,2018-05-19 20:30:08,2018-05-19 20:32:41,0,57590,1,73,1,5,7,5,2,4,2,2,5,3,5,5,5,3,2,2,3,2,4,2,5,5,4,2,4,3,2,2,4,5,2,,,,,,,,,,,,,,,,,,,,,,,,,,,,,,,,,,,,,,,,,,,,,,,,,,,,,,,,,,,,,,,,,,,,,,,,,,,,,,,,,,,,,,,,,,,,,,,,,,,,-1,
R_2cpCOTHErTso3sE,Default Response Set,Anonymous,,,70.68.252.227,0,2018-05-27 09:29:08,2018-05-27 09:41:40,1,24671,1,10,1,6,6,3,2,5,2,2,5,2,6,4,3,2,2,6,2,2,5,2,4,6,2,2,5,2,2,5,2,5,2,6,6,6,2,2,5,5,5,3,3,3,4,4,6,5,5,5,3,3,5,1,2,2,4,4,6,4,4,4,6,5,6,4,5,5,3,5,2,4,4,4,3,4,4,4,4,4,4,2,4,2,4,4,5,4,4,4,3,4,3,3,2,3,3,3,4,4,4,4,4,4,3,3,3,4,4,4,4,4,4,2,20,white,sciences,7,2,2,2,1,1,maybe about money management? ,2,NA,2,NA,4,1,49.274002075195,-122.76490020752,-1,
R_1gINR4R0BTTb0fJ,Default Response Set,Anonymous,,,24.80.137.27,0,2018-05-20 18:44:23,2018-05-20 18:44:52,0,53022,1,35,,,,,,,,,,,,,,,,,,,,,,,,,,,,,,,,,,,,,,,,,,,,,,,,,,,,,,,,,,,,,,,,,,,,,,,,,,,,,,,,,,,,,,,,,,,,,,,,,,,,,,,,,,,,,,,,,,,,,,,,,,,,,,,,,,,-1,
R_3HFDu0A6Vc60L54,Default Response Set,Anonymous,,,99.199.102.8,0,2018-05-27 18:30:04,2018-05-27 18:46:16,1,18401,1,40,1,5,5,3,2,6,3,2,5,2,5,3,3,2,3,5,5,3,5,5,3,3,2,4,5,3,3,5,5,3,3,6,6,5,2,1,6,5,2,5,2,3,3,3,5,3,2,6,6,5,6,1,4,2,3,4,6,7,6,5,5,5,4,5,3,5,4,4,1,2,4,6,5,5,6,7,6,3,3,2,4,2,6,3,3,4,3,5,4,3,4,5,5,5,5,3,4,2,3,3,5,3,2,3,5,6,7,3,3,2,4,1,19,Lebanese,Engineering,7,8,8,8,4,1,Determine what factors cause people to change over time.,2,NA,2,NA,4,1,49.316696166992,-122.73840332031,-1,
R_uePgbzqFoe5E2Y1,Default Response Set,Anonymous,,,184.65.121.102,0,2018-05-27 22:39:41,2018-05-27 23:05:04,1,82444,1,89,1,6,6,6,5,5,5,5,3,5,5,5,3,3,3,6,3,3,5,3,3,6,6,3,5,3,3,5,4,7,3,6,6,6,3,1,5,6,5,5,3,6,5,5,5,5,3,5,5,5,6,1,4,4,4,3,7,6,4,5,6,4,5,5,4,4,5,4,1,1,2,5,6,5,5,3,3,5,1,5,6,2,6,3,2,4,4,5,3,4,4,3,5,5,5,3,4,3,4,6,4,3,2,5,3,2,7,3,6,3,4,2,18,Indian,Biological Sciences,8,2,2,3,1,1,"Finding out people's views on Canada's society -- inequality issues, specifically (economic inequality, racial inequality, appearance inequality) ",2,NA,2,NA,2,1,49.141006469727,-122.85690307617,-1,
R_2ToYrlcheKapsvk,Default Response Set,Anonymous,,,70.68.144.228,0,2018-05-28 01:35:43,2018-05-28 01:47:29,1,80788,1,60,1,6,6,5,2,5,5,3,5,4,5,4,5,1,2,5,6,2,2,4,3,5,6,2,3,2,2,5,2,2,2,5,6,5,3,2,3,5,1,1,1,5,3,1,1,5,2,6,6,6,1,1,4,5,4,4,7,5,7,4,6,7,7,2,4,5,6,4,2,5,7,5,5,5,6,3,2,2,5,3,5,3,3,3,3,4,4,5,3,4,5,4,4,4,4,3,3,3,3,5,5,5,3,3,2,4,7,2,7,1,3,2,20,European,Communications,8,2,2,2,1,1,"Gathering participants perspectives on the link between economic resources, opportunities, and prosperity. Collecting insight after playing a game that stimulates the life of an impoverished family.",2,NA,2,NA,2,1,49.188598632812,-122.93840026855,-1,
R_UWTk7MgAAqA5T2N,Default Response Set,Anonymous,,,1.36.52.192,0,2018-05-28 01:40:07,2018-05-28 01:53:11,1,73449,1,81,1,5,4,2,4,5,5,6,2,4,5,3,3,4,3,3,4,5,2,3,2,5,3,2,4,1,4,4,3,5,3,5,4,5,4,2,5,7,5,3,4,3,6,6,6,5,5,5,5,4,5,1,3,3,5,4,5,6,5,4,4,4,5,3,5,4,5,4,2,5,4,5,3,5,5,4,4,5,4,4,5,1,5,4,2,4,4,4,3,3,3,3,3,4,4,3,3,3,3,6,5,5,4,5,5,3,5,5,5,4,5,2,18,Chinese,Psychology,2,3,3,3,1,1,Your personal views on some particular issue,2,NA,2,NA,1,1,22.283294677734,114.14999389648,-1,
R_2rvxlOVGszW085R,Default Response Set,Anonymous,,,162.156.148.113,0,2018-05-28 01:59:27,2018-05-28 02:22:53,1,94268,1,65,1,5,4,5,1,2,1,3,1,1,6,4,4,2,4,6,3,5,4,2,5,5,3,4,2,5,1,5,5,3,2,7,7,7,2,1,6,7,3,7,3,6,7,7,6,7,6,5,5,4,7,1,2,5,5,5,7,7,5,6,2,4,7,4,6,7,7,1,1,4,4,7,7,7,4,6,6,4,3,5,4,1,6,1,2,3,2,5,5,1,5,2,5,5,3,4,4,2,2,7,7,2,1,6,3,6,7,4,1,4,4,2,18,Filipino,Psychology,15,2,2,2,1,1,"The study was about how the lifestyle of a poor/lower class person may go through their days stressing out over money whilst middle-higher class do not think money is a ""problem"". The game itself was able to take me through how a person living in poverty may think about what to do with their life while living on a low budget. The study also touches on the many factors that cause economic inequality such as race, intelligence, childhood upbringing, and political issues that may result in how the lower class are in a state of oppression.",2,NA,2,NA,4,1,49.166107177734,-122.57920074463,-1,
R_cuynhHjwZxFBUFb,Default Response Set,Anonymous,,,70.70.43.64,0,2018-05-28 11:06:51,2018-05-28 11:21:07,1,57282,1,51,1,6,6,2,2,6,2,3,2,2,7,2,6,2,2,6,2,4,4,2,2,5,2,1,2,3,1,2,2,3,1,6,6,6,2,1,5,2,2,2,2,5,2,2,5,6,3,5,5,3,2,1,2,2,4,4,3,5,5,5,6,6,6,7,6,7,3,7,6,6,4,2,5,3,6,6,4,6,2,2,2,2,5,5,5,5,5,5,4,5,3,4,4,4,2,4,4,4,4,3,2,2,3,3,2,4,6,4,4,4,4,2,18,Caucasian ,Undeclared,15,1,1,1,3,1,People's outlook on inequality in society and whether they think society should have a responsibility to help those who are less privileged due to things hey cannot change/were born into.,2,NA,2,NA,4,1,49.170700073242,-122.73260498047,-1,
R_1Hk1enZeAP9BZPz,Default Response Set,Anonymous,,,207.23.163.225,0,2018-05-28 11:13:08,2018-05-28 13:03:34,1,27136,1,65,1,6,6,4,4,5,3,4,4,3,4,2,5,3,3,5,3,4,3,2,2,6,3,2,3,3,3,2,3,3,2,6,6,6,4,2,5,4,3,2,3,6,3,3,5,5,3,5,5,5,6,1,2,2,4,4,6,5,3,4,5,4,5,6,6,6,5,4,4,4,5,5,5,5,5,5,5,5,5,3,3,3,5,4,4,4,4,4,4,4,4,4,4,4,4,4,4,4,4,5,5,5,3,5,3,4,7,5,7,4,4,2,18,Taiwanese,General Science Double Minor,1,2,3,3,1,1,General opinions on economy and wealth. Maybe to see how mood affects how you feel about politics.,2,NA,2,NA,4,1,49.264007568359,-122.93690490723,-1,
R_3fuAiyAevhSGXVn,Default Response Set,Anonymous,,,207.23.204.10,0,2018-05-28 13:00:27,2018-05-28 13:18:56,1,94052,1,30,1,6,3,5,3,5,2,1,3,3,3,1,3,1,1,6,3,3,4,2,3,3,5,1,3,5,2,6,5,5,5,6,7,6,2,2,6,5,3,2,4,3,5,5,4,3,3,5,5,3,5,1,3,4,4,4,5,6,5,5,5,6,6,4,4,4,3,4,2,2,5,5,5,5,5,5,5,3,3,5,5,1,5,2,4,3,3,4,3,2,3,4,3,4,3,3,3,3,3,3,5,3,2,3,3,7,7,7,5,7,7,2,20,Chinese,Criminology and Sociology,11,6,6,6,2,1,views on society,2,NA,2,NA,1,1,49.264007568359,-122.93690490723,-1,
R_3lzcmHbT6KXpLEL,Default Response Set,Anonymous,,,24.87.162.107,0,2018-05-28 15:10:43,2018-05-28 15:33:12,1,46033,1,60,1,5,6,2,5,6,6,5,2,1,6,4,3,3,4,5,5,3,2,6,6,5,4,3,5,2,4,5,3,6,3,6,5,6,3,2,5,6,2,5,2,5,3,5,5,6,5,5,6,5,2,1,4,5,3,4,7,7,6,4,5,5,5,6,5,6,6,5,3,3,6,6,5,5,3,5,4,6,2,4,5,3,3,3,4,4,3,4,3,3,4,4,4,4,4,3,4,3,3,6,6,6,3,6,5,6,6,5,3,3,4,2,22,chinese,economics,12,8,8,8,4,1,"people's perception of the relationship between economic, political, social and poverty",1,"one in lab, one after-survey to do at home (manipulation check?)",2,NA,2,1,49.230194091797,-122.99520111084,-1,
R_31mIHhGqHXeV8i1,Default Response Set,Anonymous,,,174.6.82.237,0,2018-05-28 20:36:44,2018-05-28 21:05:16,1,74669,1,69,1,6,5,3,5,4,4,2,4,3,5,3,3,3,2,5,5,3,2,3,2,5,5,3,5,4,3,3,4,5,3,5,5,4,5,4,6,5,5,4,4,5,5,4,6,3,4,5,4,5,5,1,4,4,3,4,7,6,5,6,5,5,5,4,3,5,6,6,1,5,4,6,6,5,5,5,5,5,5,6,7,1,6,4,2,3,4,5,4,3,5,3,5,5,5,3,3,3,2,6,6,6,3,6,3,5,5,3,3,2,3,1,20,"Caucasian, Metis",Criminology,1,2,2,6,1,1,"If I remember correctly, it was about how mood effects people’s perception towards the poor or towards those who are mostly looked down upon in society.",2,"NA, but I am not sure as to what you mean by condition. Unless you’re talking about the first survey I filled in the lab and then the other within 24 hours, that was sent via email, I do not know what you mean.",1,That the mood you’re in effects your perception of others and those who are looked down upon in society.,2,1,49.264007568359,-122.93690490723,-1,
R_2qwpLV8DrrbD2dA,Default Response Set,Anonymous,,,24.80.148.132,0,2018-05-21 23:05:00,2018-05-21 23:08:18,0,57330,1,70,,,,,,,,,,,,,,,,,,,,,,,,,,,,,,,,,,,,,,,,,,,,,,,,,,,,,,,,,,,,,,,,,,,,,,,,,,,,,,,,,,,,,,,,,,,,,,,,,,,,,,,,,,,,,,,,,,,,,,,,,,,,,,,,,,,-1,
R_3gZpHx02HLtPr9O,Default Response Set,Anonymous,,,69.196.89.210,0,2018-05-21 21:45:40,2018-05-22 06:14:16,0,3357,1,52,1,6,6,5,2,7,1,2,7,2,5,1,6,1,2,6,2,4,7,2,5,5,1,5,2,2,1,4,2,4,2,6,7,7,2,1,,,,,,,,,,,,,,,,,,,,,,,,,,,,,,,,,,,,,,,,,,,,,,,,,,,,,,,,,,,,,,,,,,,,,,,,,,,,,,,,,,,,,,,,,,,,,,,-1,
R_2dRamU2OmbX28ln,Default Response Set,Anonymous,,,172.218.27.158,0,2018-05-23 02:52:03,2018-05-23 02:52:31,0,75235,1,92,,,,,,,,,,,,,,,,,,,,,,,,,,,,,,,,,,,,,,,,,,,,,,,,,,,,,,,,,,,,,,,,,,,,,,,,,,,,,,,,,,,,,,,,,,,,,,,,,,,,,,,,,,,,,,,,,,,,,,,,,,,,,,,,,,,-1,
R_2sSkG8CoQ7Qt14S,Default Response Set,Anonymous,,,46.153.84.70,0,2018-05-23 18:41:46,2018-05-23 18:42:39,0,22095,1,65,,,,,,,,,,,,,,,,,,,,,,,,,,,,,,,,,,,,,,,,,,,,,,,,,,,,,,,,,,,,,,,,,,,,,,,,,,,,,,,,,,,,,,,,,,,,,,,,,,,,,,,,,,,,,,,,,,,,,,,,,,,,,,,,,,,-1,
R_1E7opYLwgQFaiDo,Default Response Set,Anonymous,,,184.65.186.144,0,2018-05-31 15:44:36,2018-05-31 15:53:44,1,78988,1,70,1,7,7,1,1,1,1,1,1,1,7,1,1,7,1,7,1,1,7,1,1,7,1,1,1,7,1,7,7,7,1,7,7,7,1,1,7,1,7,7,1,7,7,7,7,7,7,7,7,7,7,1,5,5,5,5,7,7,7,7,7,1,7,7,7,7,7,1,7,7,1,7,1,7,1,7,7,7,1,7,7,7,7,5,5,5,5,5,5,5,5,5,5,5,5,4,4,4,4,7,1,1,7,7,1,1,7,1,7,1,1,2,18,Sikh,Health Science,7,1,1,1,1,1,"it was about eye perceptions, comparing left and right side of the brain",2,NA / ,2,NA,5,1,49.188903808594,-122.87300109863,-1,
R_1pQYSRYkRG9fcDG,Default Response Set,Anonymous,,,70.70.224.34,0,2018-05-31 15:44:05,2018-05-31 16:00:41,1,46944,1,69,1,5,5,3,2,6,5,4,4,2,5,2,4,3,4,5,3,4,4,3,5,5,2,2,4,5,3,6,6,5,4,5,6,4,4,3,2,5,4,4,2,3,2,5,5,4,5,6,5,6,4,1,2,3,3,4,6,4,5,4,7,3,6,4,5,4,5,6,3,4,5,5,5,5,4,5,5,3,2,5,3,4,6,3,4,4,3,4,3,4,3,2,4,2,4,4,2,2,3,4,6,3,2,3,4,1,7,4,7,2,4,2,18,Filipino & Indian ,Economics ,12,3,2,4,1,1,About with how much you can do and survive with a certain amount of money based on the decision you make ,2,NA,2,NA,1,1,49.0791015625,-122.7552947998,-1,
R_YQCawd5Ts605zC9,Default Response Set,Anonymous,,,207.23.181.165,0,2018-05-31 15:40:20,2018-05-31 16:01:03,1,38234,1,75,1,5,5,4,2,3,2,4,3,2,5,3,3,3,3,6,4,4,4,3,3,5,2,3,2,4,2,5,3,4,3,5,5,5,4,2,4,6,4,4,5,4,6,6,5,6,6,5,5,3,5,1,3,3,2,2,4,6,4,5,5,5,5,4,4,4,5,3,1,1,4,5,4,5,4,4,5,3,2,4,4,5,5,2,1,3,2,4,3,1,4,3,4,4,3,3,3,2,3,5,3,3,2,5,4,5,5,6,1,2,3,2,18,Asian,Psychology/Criminology,10,4,4,4,3,1,introducing myself to someone else and learning about them?,2,NA,2,NA,2,1,49.264007568359,-122.93690490723,-1,
R_10OZTQ2Gbd3zyl6,Default Response Set,Anonymous,,,207.23.199.38,0,2018-05-31 15:51:30,2018-05-31 16:01:31,1,71702,1,50,1,7,6,5,2,5,2,2,3,3,6,2,4,2,1,6,2,5,3,2,2,6,2,1,3,2,2,4,2,5,1,6,7,7,2,1,5,5,2,2,2,4,2,2,5,3,3,5,3,5,5,1,3,3,4,4,6,5,6,5,3,5,6,4,6,7,1,6,6,6,4,5,5,5,5,5,4,6,2,4,3,2,3,4,4,4,4,5,4,4,4,4,3,3,3,4,4,4,4,5,5,3,2,5,5,5,6,3,4,4,4,2,19,Chinese ,Psychology,7,1,1,3,3,1,Economic disparity,2,NA,2,NA,2,1,49.264007568359,-122.93690490723,-1,
R_306NOnI7mtKUp68,Default Response Set,Anonymous,,,184.65.152.140,0,2018-05-24 16:02:10,2018-05-24 16:06:44,0,7978,1,75,1,5,3,3,2,5,2,2,2,3,5,3,3,3,4,5,3,5,5,2,3,5,4,2,7,5,3,3,5,4,5,5,5,4,2,3,6,5,5,7,5,5,5,4,5,6,7,3,6,4,5,1,4,4,4,4,7,7,5,6,7,7,6,5,6,4,6,5,5,5,7,6,3,3,2,2,4,4,4,3,4,3,5,,,,,,,,,,,,,,,,,,,,,,,,,,,,,,,,,,,,,,,,,,,,,,,,-1,
R_b94nltsyQeBgmZP,Default Response Set,Anonymous,,,207.23.178.106,0,2018-05-31 15:57:05,2018-05-31 16:09:03,1,10708,1,80,1,4,4,2,2,6,2,5,5,3,5,5,2,4,2,5,5,2,4,3,2,4,2,2,4,2,2,6,2,5,2,6,5,5,3,1,2,5,2,2,2,3,5,5,4,4,5,4,4,2,5,1,2,2,3,3,6,6,6,6,6,6,7,6,5,6,5,6,2,4,6,6,5,3,6,6,5,4,5,3,3,2,6,3,4,5,5,4,4,4,4,3,4,4,4,4,4,4,4,5,5,5,5,4,3,4,5,4,5,3,4,2,18,"japanese, brazilian",business,5,3,3,4,1,1,"from what I remember, before the survey we did a ""game"" where we played as a mother with a low income and had to make decisions in regards to our money. Based on that and the survey, I'd say the study was about how people perceive those with low income and if the game changed that perspective. ",2,NA,2,NA,4,1,49.264007568359,-122.93690490723,-1,
R_2cqoAm1LSYMYV5y,Default Response Set,Anonymous,,,108.172.51.209,0,2018-05-31 16:28:12,2018-05-31 16:39:36,1,32344,1,70,1,5,6,6,2,6,2,2,6,2,6,2,4,2,5,6,3,3,5,2,5,4,5,3,4,5,1,2,4,5,3,5,5,5,3,2,5,6,6,5,5,5,5,5,3,3,5,6,5,5,5,1,4,4,4,3,6,5,4,5,5,6,5,4,3,5,3,5,2,1,5,5,5,5,6,6,6,4,2,2,1,1,6,2,2,3,3,4,2,4,4,4,3,2,4,3,3,3,4,5,5,2,1,2,1,4,5,4,4,3,4,2,21,Korean,Criminology ,1,5,5,5,2,1,It was on videos of a two people giving some money back and forth ,2,NA,2,NA,1,1,49.166107177734,-122.57920074463,-1,
R_2v3bvVnrVegZRT9,Default Response Set,Anonymous,,,162.245.252.29,0,2018-05-31 16:42:45,2018-05-31 16:52:18,1,57298,1,60,1,4,5,4,2,2,4,2,6,2,6,4,5,2,2,6,4,4,2,2,5,4,4,4,3,2,3,6,4,6,2,5,6,6,4,2,,,,,,,,,,,,,,,,1,,,,,,,,5,,,5,,,,,3,,4,,,,,,,,,,,,,,,,,,,,,,,,,,,,,,,,3,,,,,,,,,,2,20,Indian ,Health sciences ,1,9,4,4,4,1,This study was about inequality and economic issues and the reason of poverty ,2,NA,2,NA,1,1,49.141006469727,-122.85690307617,-1,
R_vpm4lnCHn2l8Cfn,Default Response Set,Anonymous,,,142.58.132.183,0,2018-05-31 17:25:42,2018-05-31 17:42:24,1,81234,1,82,1,6,4,4,3,7,6,5,4,1,7,1,4,2,2,2,3,4,2,1,4,7,1,2,5,4,3,6,2,3,1,6,6,6,4,2,5,5,5,2,3,6,2,6,5,6,5,5,5,3,5,1,2,4,3,3,6,6,5,5,5,6,5,4,5,5,6,5,4,4,5,6,6,6,5,6,7,6,4,3,3,1,5,4,4,3,4,3,4,4,3,4,3,4,4,4,4,4,4,3,3,4,4,3,5,3,4,3,6,4,3,2,22,Indian,Psych,7,2,2,8,1,1,I was given a survey with many similar questions on it. / ,2,NA,2,NA,2,1,49.264007568359,-122.93690490723,-1,
R_2Etq5ujmNbgTK1x,Default Response Set,Anonymous,,,207.23.203.163,0,2018-05-31 17:29:22,2018-05-31 17:47:44,1,42548,1,69,1,5,5,4,6,2,6,2,1,1,6,1,3,2,2,5,2,4,3,3,2,6,4,2,2,3,2,5,3,5,2,7,6,6,3,1,5,5,3,3,2,3,4,3,2,3,4,5,5,4,4,1,2,2,3,4,4,6,7,6,3,5,4,3,3,5,3,5,1,3,2,5,6,6,5,4,4,3,1,3,5,1,5,4,5,5,4,4,4,3,1,1,1,1,1,4,4,4,4,4,5,4,4,5,5,5,6,4,4,1,6,1,20,Indian (South Asian),Criminology,7,2,2,4,3,1,"the study wished to capture my views about economic inequality, welath disparity, poverty, importance of hard work, inherited wealth etc in achieving economic success and socio-economic and political economic structures and trends in Canada.",2,NA,2,NA,2,1,49.264007568359,-122.93690490723,-1,
R_6uobZWR8GFOY1QB,Default Response Set,Anonymous,,,70.79.45.68,0,2018-05-31 17:33:38,2018-05-31 17:49:52,1,13526,1,82,1,7,7,1,3,4,1,5,1,4,6,1,4,3,2,3,1,1,2,1,1,7,3,2,2,2,3,3,1,5,1,5,5,4,3,1,5,6,1,1,1,1,1,6,1,5,5,1,1,1,5,1,2,4,2,3,7,7,7,7,4,7,7,4,4,4,4,4,1,5,4,5,1,7,3,5,5,1,3,1,1,1,7,1,3,5,1,5,5,1,5,5,5,5,5,4,3,4,4,6,6,7,3,6,6,7,4,7,1,1,7,2,22,asian ,crim,1,3,3,8,4,1,I was playing a computer game and I was put in situations where I had a certain amount of money and things kept on coming up and I started to lose money. ,1,condition one where a person was put in a circumstance of unfortunate events (game like) and the other where they weren't participating in a game. ,2,NA,1,1,49.261993408203,-123.09230041504,-1,
R_2CCj62P3YM5Xj3M,Default Response Set,Anonymous,,,69.196.89.210,0,2018-05-31 19:35:33,2018-05-31 19:42:54,1,3357,1,42,1,6,6,6,6,6,6,6,6,6,6,6,,6,6,,,,,,,6,6,6,6,6,,,6,6,6,,,,,,,,,,,,,,,,,,,,,1,,,,,,,,,,,,,,,,,,,,,,,,,,,,,,,,,,,,,,,,,,,,,,,,,,,,,,,,,,,,2,19,african,psychology,12,8,1,8,3,1,It was about poverty.,2,NA,2,NA,2,2,49.264007568359,-122.93690490723,-1,
R_2ALnQ36HGU8JLIm,Default Response Set,Anonymous,,,50.92.135.184,0,2018-05-31 20:21:20,2018-05-31 20:50:44,1,93986,1,87,1,5,6,5,2,5,2,4,6,2,6,3,4,2,2,5,2,5,4,2,3,5,3,2,2,3,2,4,2,3,1,6,6,6,2,2,5,2,2,2,2,4,2,2,5,6,4,5,5,5,5,1,2,3,4,3,6,4,3,5,6,4,6,5,5,6,4,5,3,6,5,5,6,5,6,5,5,4,3,3,3,4,4,3,4,4,4,4,4,4,3,2,2,3,3,4,4,3,3,3,3,2,1,4,4,4,6,4,5,2,2,2,19,white,Health Sciences,10,2,1,2,3,1,"how much control over lifestyle that people think others have /  / Note: for the household income question I just guessed, I live with my parents and they don't tell me how much they make",2,NA,2,NA,4,1,49.367797851562,-122.92779541016,-1,
R_1NwZVXKotb8hyg7,Default Response Set,Anonymous,,,24.84.156.118,0,2018-05-31 22:56:12,2018-05-31 23:09:17,1,16403,1,62,1,5,2,3,2,3,1,3,5,2,3,6,5,3,2,6,3,4,6,3,5,3,2,3,3,4,2,4,3,5,3,5,6,6,3,2,4,3,3,5,2,5,3,2,5,5,3,5,5,5,4,1,3,2,4,3,6,7,6,3,4,2,4,4,5,5,5,3,3,4,5,6,5,5,5,6,5,5,3,2,3,2,5,1,3,4,2,5,3,2,4,4,5,4,4,3,4,3,3,5,2,3,2,3,5,4,7,5,3,4,4,2,18,Chinese,Health Science,1,3,4,8,3,1,Money management,2,NA,2,NA,2,1,49.280700683594,-123.03970336914,-1,
R_PtfxVSGBubJDC2l,Default Response Set,Anonymous,,,64.180.184.179,0,2018-05-31 23:01:03,2018-05-31 23:32:24,1,42613,1,88,1,5,6,3,2,5,2,2,5,2,6,1,4,3,2,6,2,3,5,5,2,6,5,3,5,2,1,5,3,7,2,7,7,7,2,1,3,6,5,4,4,5,5,5,5,4,3,6,6,5,3,1,5,5,4,4,7,7,6,5,5,7,5,4,5,5,7,3,4,2,5,5,6,4,6,3,4,2,2,6,6,1,6,2,4,4,4,5,4,2,5,4,5,5,5,4,4,3,3,7,6,5,2,6,3,4,7,4,7,2,4,2,19,"Half Caucasian, half South-East Asian",Health Science ,8,2,1,5,1,1,I don’t remember the purpose of the study. ,2,NA,2,NA,2,1,49.264007568359,-122.93690490723,-1,
R_3nUGWj1ycjoh0FJ,Default Response Set,Anonymous,,,174.7.39.228,0,2018-05-31 23:18:11,2018-05-31 23:41:33,1,10080,1,88,1,5,5,3,3,4,4,5,3,2,5,3,3,4,2,4,4,4,4,4,3,4,3,1,3,2,5,3,3,3,1,4,4,4,4,4,3,5,2,2,1,4,2,2,2,5,3,3,3,2,4,1,4,4,2,2,4,7,3,4,3,3,3,3,3,2,6,2,1,2,3,4,4,5,4,2,3,3,3,4,5,1,4,2,3,3,3,3,3,1,5,3,5,4,3,4,3,3,3,5,6,4,3,4,4,4,6,4,6,4,4,2,19,caucasian ,Education,5,1,1,1,1,1,"Views on equality with economics, poverty, obesity etc... Do you have a growth or closed mindset about such things?",1,Computer game and survey and Survey only.,2,na,4,1,49.264007568359,-122.93690490723,-1,
R_djaL7H9njjKdmnv,Default Response Set,Anonymous,,,50.92.228.173,0,2018-05-31 23:52:48,2018-06-01 00:01:08,1,76170,1,67,1,6,4,5,4,4,4,3,5,4,5,6,4,3,2,6,5,4,4,5,4,5,3,4,4,4,3,4,4,3,2,6,6,6,4,2,4,4,4,3,2,4,4,4,4,3,4,4,5,5,4,1,4,4,4,3,6,6,5,6,4,6,5,4,4,4,6,3,3,4,5,5,5,4,5,4,5,4,3,3,3,3,4,3,3,4,4,5,3,4,4,4,4,5,5,4,3,2,2,6,5,5,3,5,4,4,4,3,4,4,3,2,19,asian ,psychology ,7,8,8,8,4,1,"the game was to see how much money you can live on per month while getting paid with not that much money and the situation is if you can rent a house, raise your kid weel by giving proper materials, but groceries and so on.  After that, we did a survey that is from what I remember identical to this one.",2,NA,2,NA,2,1,49.274002075195,-122.76490020752,-1,
R_2VwhxGHyVipolSf,Default Response Set,Anonymous,,,108.180.126.32,0,2018-06-01 00:46:29,2018-06-01 00:56:49,1,44835,1,55,1,5,4,2,4,5,4,3,3,2,3,1,1,2,1,5,3,4,2,1,3,3,1,2,3,3,4,2,1,1,1,3,3,3,2,1,3,3,2,5,1,2,5,5,2,5,4,6,5,2,2,1,2,2,4,2,7,6,6,4,6,1,6,6,5,4,5,6,4,6,5,5,6,5,4,4,5,3,2,4,5,2,6,2,3,5,3,2,4,3,2,4,4,4,5,4,4,4,4,3,2,5,1,5,4,5,4,5,2,7,7,2,21,cantonese,psych,1,8,8,8,1,1,economic equallty,2,NA,2,NA,5,1,49.286605834961,-123.1157989502,-1,
R_O8LEz5H2VxlnD8t,Default Response Set,Anonymous,,,162.156.21.190,0,2018-06-01 01:22:11,2018-06-01 01:34:12,1,46160,1,70,1,5,5,4,3,4,3,3,5,4,4,4,3,3,3,5,4,4,5,4,4,5,4,2,4,3,4,5,4,4,3,5,5,5,4,3,3,5,3,4,3,4,5,4,4,6,4,5,5,3,3,1,3,4,4,4,5,6,4,5,4,5,6,4,5,4,5,5,3,5,4,5,5,4,5,5,5,3,3,5,5,4,5,3,3,3,3,4,3,3,4,4,4,4,4,4,3,3,3,5,5,5,3,5,4,6,5,6,5,5,3,2,19,Indian,Psychology,11,2,2,3,1,1,"I think this study was about how many people fall into economic disparity in their lives and even if they try to get out of it, bills and emergencies can cause them to fall back.",2,NA,2,NA,2,1,49.217498779297,-123.03799438477,-1,
R_1esXO50f92190QJ,Default Response Set,Anonymous,,,50.68.23.141,0,2018-06-01 01:36:39,2018-06-01 01:49:37,1,16983,1,92,1,4,6,3,2,5,5,4,3,3,5,2,2,2,3,6,4,3,4,4,4,5,3,2,2,1,6,2,4,5,5,3,4,5,3,2,5,5,2,5,3,4,4,4,5,5,4,5,3,3,5,1,3,4,4,3,7,7,6,5,7,5,7,6,6,5,5,6,1,3,7,6,6,7,5,4,4,4,2,5,6,3,6,3,3,4,4,5,4,1,5,4,5,5,5,3,2,3,2,7,6,7,6,6,7,6,7,6,2,4,4,2,18,Chinese ,Psychology ,5,3,3,4,1,1,"I do not remember what the study was about, but the questions were very familiar and I had a male research student that helped lead me through the research. ",1,The study was about whether you would give money to the person or not in the video provided. ,2,NA,6,1,49.239700317383,-123.04069519043,-1,
R_1GEvcDrxhp3DS3K,Default Response Set,Anonymous,,,184.65.160.61,0,2018-06-01 01:31:35,2018-06-01 01:53:15,1,60019,1,60,1,5,3,5,2,3,2,3,2,1,5,2,2,2,2,7,5,2,3,6,5,4,2,2,2,5,1,4,3,5,2,5,5,5,2,1,3,5,3,2,3,3,5,5,3,5,2,5,6,5,3,1,2,4,5,5,7,5,4,7,6,7,5,7,3,7,5,7,1,5,5,6,7,3,5,2,7,3,2,5,6,5,7,5,5,5,5,5,5,5,5,5,4,5,5,4,4,2,3,5,5,6,2,3,3,5,6,5,7,5,6,2,21,Filipino,Health Science,6,2,2,2,1,1,I think this study analyzes how our own experiences shape our social and political beliefs ,2,NA,2,NA,2,1,49.170700073242,-122.73260498047,-1,
R_22zSyTph25dD5tB,Default Response Set,Anonymous,,,207.23.195.178,0,2018-05-25 10:10:56,2018-05-25 10:11:07,0,61450,1,,,,,,,,,,,,,,,,,,,,,,,,,,,,,,,,,,,,,,,,,,,,,,,,,,,,,,,,,,,,,,,,,,,,,,,,,,,,,,,,,,,,,,,,,,,,,,,,,,,,,,,,,,,,,,,,,,,,,,,,,,,,,,,,,,,,-1,
R_2vdc7kcpgJAVrov,Default Response Set,Anonymous,,,209.52.88.35,0,2018-06-01 10:48:16,2018-06-01 11:20:34,1,78426,1,80,1,5,6,1,4,6,6,3,1,2,5,2,4,4,2,3,4,3,2,3,2,4,1,3,1,1,5,5,3,2,2,5,3,5,3,2,5,6,3,4,3,4,5,5,5,5,5,3,4,2,6,1,3,4,4,4,7,2,3,3,3,2,5,3,4,4,3,5,1,6,5,6,3,4,5,4,5,1,1,2,2,1,2,3,2,3,4,3,4,4,5,4,4,5,5,3,3,2,2,5,6,5,2,5,2,2,6,5,5,3,4,1,18,Chinese,Chemistry,8,2,2,3,1,1,It's about how we likely we would act to inequality in the world.,1,We would answer the survey in lab and then once again on the following day.,1,Something about mood and how it affects our responses.,2,1,49.255096435547,-123.06669616699,-1,
R_2uUkMA5FzrPBi9a,Default Response Set,Anonymous,,,207.23.186.90,0,2018-06-01 11:40:24,2018-06-01 11:57:27,1,96201,1,76,1,6,6,3,2,6,2,1,5,2,5,2,3,2,2,5,3,6,2,3,2,6,2,2,6,2,2,6,3,5,2,6,6,6,2,2,6,5,3,2,2,5,2,3,6,5,1,5,5,5,5,1,4,5,3,4,7,7,5,5,7,6,7,2,7,4,6,5,5,4,7,6,6,3,6,6,7,4,2,5,3,1,6,3,5,5,4,5,5,5,5,5,4,5,4,4,4,4,4,6,5,1,2,5,3,3,6,1,1,4,4,2,19,Canadian,Chemistry ,8,8,8,8,3,1,to see how people budget with their minimum wage jobs and all the other problems that come along with it,1,1. to have some money until the end of the month / 2. to be happy,2,NA,3,1,49.264007568359,-122.93690490723,-1,
R_SUjJNRmmiO5G9gt,Default Response Set,Anonymous,,,70.71.231.96,0,2018-06-01 12:00:14,2018-06-01 12:20:39,1,6101,1,50,1,4,4,4,5,5,6,5,5,5,4,5,4,3,5,4,7,4,5,7,4,5,5,5,6,4,5,4,5,5,5,4,4,4,4,3,5,5,4,4,4,3,5,5,5,6,5,4,5,3,5,1,4,4,4,3,7,7,7,6,5,6,6,2,5,3,7,2,3,5,5,4,7,4,5,3,3,1,4,4,5,4,5,2,3,2,3,4,4,2,5,4,5,5,5,2,2,4,3,6,7,7,7,7,6,5,6,4,4,3,4,2,22,Metis,Criminology,9,6,6,7,2,1,Money management over the course of a month.,1,If we ran out of money before the end of the month. /  / If we made it to the end of the month.,2,NA,4,1,49.216705322266,-122.91670227051,-1,
R_1QAz74Wx7hTAIoK,Default Response Set,Anonymous,,,70.78.135.106,0,2018-06-01 13:43:42,2018-06-01 14:17:00,1,9463,1,46,1,7,7,5,3,7,2,2,5,2,7,3,6,1,1,6,1,2,6,1,2,6,3,1,3,5,2,5,2,5,1,6,7,7,2,1,7,5,5,2,3,2,3,2,6,6,7,6,5,3,6,1,2,2,4,2,7,7,6,4,7,3,2,5,6,3,5,2,1,2,3,6,6,6,6,6,6,2,2,2,3,1,6,2,2,3,2,5,5,3,5,3,5,5,5,4,2,1,1,6,3,5,2,6,6,6,6,4,2,3,2,2,22,Canadian,Psychology ,15,8,8,8,4,1,I believe this study determined opinions people have on certain stereotypes without knowing the facts.,2,N/A,2,NA,4,1,49.08610534668,-122.40260314941,-1,
R_3oyWZz2a9uNweas,Default Response Set,Anonymous,,,50.68.5.109,0,2018-06-01 14:06:12,2018-06-01 14:19:59,1,86527,1,66,1,5,6,3,3,6,2,3,2,2,6,2,1,1,1,6,2,5,4,2,4,5,2,2,5,2,2,5,2,5,2,5,6,6,3,1,5,3,3,3,2,5,3,2,3,5,2,5,5,5,4,1,3,4,4,4,7,7,6,4,5,5,5,4,3,5,6,6,3,5,6,6,5,5,5,2,5,4,2,4,5,2,5,3,4,4,3,4,4,4,5,5,5,5,4,3,3,4,3,5,5,3,2,5,2,6,7,3,6,3,4,2,21,Chinese,Undecided,5,2,2,2,1,1,How I feel about these certain issues,2,NA,2,NA,2,1,49.239700317383,-123.04069519043,-1,
R_3LZSlRwxlVoWYN0,Default Response Set,Anonymous,,,70.70.9.69,0,2018-06-01 20:37:24,2018-06-01 20:48:09,1,42506,1,71,1,5,6,3,2,4,2,3,2,2,6,2,4,3,1,5,1,5,4,3,2,4,1,1,3,1,3,4,1,3,1,5,6,2,3,2,3,3,1,2,1,6,2,1,4,1,2,5,6,6,4,1,2,4,4,5,5,5,4,5,3,5,6,3,3,5,3,6,2,2,4,4,5,5,6,6,5,1,1,1,3,2,5,4,4,5,4,4,4,5,2,3,3,2,3,3,4,3,3,4,4,2,2,3,2,3,7,3,3,2,5,2,19,Caucasion,Communications,9,8,8,8,4,1,This study was about how ones happiness and individual position impacts their sympathy towards social issues. ,2,NA,1,If happiness impacts social sympathy,1,1,49.141006469727,-122.85690307617,-1,
R_2CVQYh5oIyXKhqX,Default Response Set,Anonymous,,,209.53.157.50,0,2018-06-01 12:46:34,2018-06-02 09:35:06,1,51055,1,73,1,5,4,4,4,4,4,4,4,4,4,4,4,4,4,4,4,4,4,4,4,4,4,4,4,4,4,4,4,4,4,4,4,4,4,4,4,4,4,4,4,4,4,4,4,4,4,4,4,4,4,1,3,3,3,3,4,4,4,4,4,4,4,4,4,4,4,4,4,4,4,4,4,4,4,4,4,4,4,4,4,4,4,3,3,3,3,3,3,3,3,3,3,3,3,3,3,3,3,4,4,4,4,4,4,4,4,4,4,4,4,4,,,,,4,4,4,4,2,Questions about societal issues,2,NA,2,NA,3,1,49.025894165039,-122.8058013916,-1,
R_2sSAXtMcQvpl4Ib,Default Response Set,Anonymous,,,24.84.48.182,0,2018-05-26 15:14:49,2018-05-26 15:20:41,0,44337,1,50,1,6,4,4,5,3,3,6,4,2,5,2,2,2,2,4,5,5,4,4,4,5,5,3,4,2,4,4,4,5,3,,,,,,,,,,,,,,,,,,,,,,,,,,,,,,,,,,,,,,,,,,,,,,,,,,,,,,,,,,,,,,,,,,,,,,,,,,,,,,,,,,,,,,,,,,,,,,,,,,,,-1,
R_2SCChhcpJySbF02,Default Response Set,Anonymous,,,69.196.89.210,0,2018-05-26 16:32:26,2018-05-26 16:35:47,0,27430,1,34,1,7,6,5,2,6,5,3,5,2,6,4,4,2,2,6,2,4,5,2,4,6,4,2,5,5,2,5,5,4,1,,,,,,,,,,,,,,,,,,,,,,,,,,,,,,,,,,,,,,,,,,,,,,,,,,,,,,,,,,,,,,,,,,,,,,,,,,,,,,,,,,,,,,,,,,,,,,,,,,,,-1,
R_2CNj4BD5fj9zLlt,Default Response Set,Anonymous,,,75.157.166.247,0,2018-06-02 18:04:45,2018-06-02 18:46:16,1,31367,1,90,1,4,3,1,4,6,3,3,1,1,6,2,4,4,2,5,1,4,3,2,2,4,2,1,4,4,2,2,2,1,2,4,5,7,5,1,4,4,2,4,1,4,2,1,3,4,4,4,5,4,2,1,3,3,3,3,6,5,3,1,4,5,6,3,4,5,2,1,1,1,2,4,2,2,4,7,4,3,1,3,2,3,4,1,5,5,4,4,4,5,1,3,2,3,2,4,4,3,2,4,3,3,1,3,2,7,7,7,5,3,4,2,20,Chinese,Sociology,1,2,2,4,3,1,surveying student's view of the society ??? (I actually forgot... SORRY!!),2,NA,2,NA,4,1,49.261993408203,-123.09230041504,-1,
R_12DzkPZGrfC5UFv,Default Response Set,Anonymous,,,75.157.217.36,0,2018-06-02 21:02:44,2018-06-02 21:16:51,1,81854,1,35,1,4,2,2,1,4,1,2,1,1,5,2,3,1,2,5,2,4,5,2,2,5,2,2,4,4,1,5,2,2,2,7,7,6,2,1,2,2,2,5,1,3,3,4,6,4,4,5,5,3,6,1,1,2,4,5,4,4,4,5,5,5,6,5,4,5,3,7,2,3,2,4,5,2,5,4,5,4,1,3,2,1,5,5,4,5,4,4,3,5,3,3,4,3,2,4,4,3,3,4,3,2,2,2,3,6,6,4,4,2,4,2,18,Chinese,Economics,5,8,8,8,1,1,Certain situations where you had to decide whether or not to pay money (e.g. pay car ticket or ignore it and risk getting fined) and if you lost all the money you would lose,2,NA,2,NA,4,1,49.22200012207,-123.06829833984,-1,
R_1M6U9Zb16ORFJbX,Default Response Set,Anonymous,,,173.183.27.112,0,2018-05-27 01:17:49,2018-05-27 01:23:40,0,78386,1,70,1,6,6,6,6,3,3,3,6,3,4,5,4,3,4,6,5,3,4,4,5,5,5,4,4,4,2,4,4,5,4,4,4,4,4,4,6,5,4,4,4,6,4,3,4,3,4,6,5,4,5,1,2,3,2,2,,,,,,,,,,,,,,,,,,,,,,,,,,,,,,,,,,,,,,,,2,3,3,3,4,4,4,4,4,4,5,5,2,2,3,5,,,,,,,,,,,,,,,,,,,,-1,
R_3haVUpaNxrS9XAr,Default Response Set,Anonymous,,,75.156.89.87,0,2018-06-03 02:45:52,2018-06-03 02:57:26,1,12250,1,92,1,6,4,2,4,5,4,4,3,2,6,2,3,3,2,5,4,4,4,3,3,5,1,2,5,4,4,4,3,7,1,6,7,7,4,1,5,5,2,4,1,5,3,4,6,5,5,6,6,4,5,1,3,2,3,3,7,7,6,7,6,6,6,4,6,4,7,7,5,5,6,4,5,5,4,7,5,6,5,6,6,5,4,4,5,4,5,5,4,3,5,4,5,5,4,4,4,4,4,7,6,6,6,7,6,5,5,2,6,4,5,2,19,filipino-chinese,kin,5,8,8,8,4,1,"how someone's own happiness affects his/her empathy towards others,",2,NA,2,NA,1,1,49.230194091797,-122.99520111084,-1,
R_1LFPV8upK8R7n0C,Default Response Set,Anonymous,,,198.154.31.1,0,2018-05-27 03:00:15,2018-05-27 03:00:45,0,55409,1,80,,,,,,,,,,,,,,,,,,,,,,,,,,,,,,,,,,,,,,,,,,,,,,,,,,,,,,,,,,,,,,,,,,,,,,,,,,,,,,,,,,,,,,,,,,,,,,,,,,,,,,,,,,,,,,,,,,,,,,,,,,,,,,,,,,,-1,
R_AigHVBGPfp1QD0R,Default Response Set,Anonymous,,,174.1.166.112,0,2018-05-27 03:20:37,2018-05-27 03:40:55,0,38208,1,71,1,6,6,2,6,6,5,3,5,3,6,2,5,2,2,5,5,4,3,4,2,6,2,2,2,2,3,4,2,5,2,,,,,,,,,,,,,,,,,,,,,,,,,,,,,,,,,,,,,,,,,,,,,,,,,,,,,,,,,,,,,,,,,,,,,,,,,,,,,,,,,,,,,,,,,,,,,,,,,,,,-1,
R_0VXWUXZfuK1NWE1,Default Response Set,Anonymous,,,75.156.84.78,0,2018-06-03 09:40:10,2018-06-03 10:16:09,1,65978,1,50,1,6,3,3,3,5,2,3,4,2,3,4,3,1,4,6,4,3,3,5,3,5,4,2,5,4,3,5,5,4,4,4,5,5,5,3,5,5,4,3,4,3,5,3,4,6,3,5,5,5,5,1,3,4,5,3,5,6,6,4,5,5,6,4,5,5,5,5,3,5,4,5,3,5,3,3,4,2,4,4,5,3,3,4,3,4,4,5,4,4,3,5,5,5,4,3,3,3,3,6,6,3,3,6,6,2,6,4,7,2,4,2,20,Filipino,Psychology,2,8,8,8,1,2,This study was trying to determine which political party cared the most about the economic inequality in today's society,2,NA,2,NA,2,1,49.13639831543,-122.82130432129,-1,
R_Zt6oqTaT0dfSlgd,Default Response Set,Anonymous,,,184.151.231.31,0,2018-05-27 19:55:27,2018-05-27 20:04:19,0,10708,1,80,1,5,4,4,2,5,2,3,5,3,5,5,2,5,2,5,5,2,4,4,4,5,2,1,2,2,2,6,2,4,2,6,6,6,5,4,4,4,4,4,4,4,5,2,4,4,4,4,4,4,4,1,3,3,3,3,3,3,4,5,3,4,5,3,5,3,5,3,5,4,2,3,4,5,4,4,4,4,4,2,3,4,4,3,3,4,3,2,4,3,3,3,3,4,4,3,2,2,2,6,4,6,1,5,3,2,1,3,4,2,5,,,,,,,,,,,,,,,,,,,,-1,
R_21puHAyWEYJnSko,Default Response Set,Anonymous,,,75.155.139.131,0,2018-06-04 16:29:42,2018-06-04 16:45:13,1,62091,1,70,1,6,3,3,3,5,4,5,3,5,4,4,3,5,4,4,5,4,4,3,4,6,3,3,5,4,3,4,4,6,4,6,5,4,4,3,5,6,3,5,5,5,6,6,6,6,6,5,4,3,5,1,5,5,2,3,6,6,6,6,5,6,6,3,3,4,5,5,3,5,5,5,5,5,5,3,5,3,5,5,6,5,5,3,3,3,2,3,4,1,3,3,3,4,4,4,3,3,3,6,6,4,3,6,6,5,6,6,5,7,6,1,19,white/eastern european,business,11,2,2,2,1,1,I was in two computer studies. But one consisted of pressing numbers when they were a certain colour in a dark4 room.,2,NA,2,NA,3,1,49.188598632812,-122.93840026855,-1,
R_2dvamoABPyCKiVg,Default Response Set,Anonymous,,,64.180.192.215,0,2018-06-04 20:56:07,2018-06-04 21:01:11,1,14612,1,60,1,5,4,4,4,5,4,4,3,5,4,3,4,4,5,5,5,5,4,5,4,5,3,4,5,5,6,6,4,4,3,5,3,4,3,5,6,5,6,5,4,4,5,6,4,5,6,5,4,4,5,1,4,3,4,3,4,5,4,4,3,5,4,4,5,4,5,5,6,4,4,5,6,5,4,6,5,4,5,5,5,6,6,3,3,3,4,4,3,2,4,2,3,4,3,3,3,2,2,5,4,4,5,5,4,5,6,5,4,5,4,1,20,CHINESE,PSYCHOLOGY,6,2,,2,1,1,read a passage and do a survey,2,na,2,na,1,1,49.264007568359,-122.93690490723,-1,
R_2VEhe43J5rZnicz,Default Response Set,Anonymous,,,135.0.166.75,0,2018-05-31 15:51:36,2018-05-31 15:56:33,0,76802,1,71,1,3,5,5,2,5,2,3,4,3,5,4,4,3,3,5,5,2,6,5,5,3,4,5,5,4,1,4,4,5,5,6,5,3,4,3,,,,,,,,,,,,,,,,1,,,,,,,,,,,,,,,,,,,,,,,,,,,,,,,,,,,,,,,,,,,,4,3,4,3,7,7,5,3,5,5,4,7,5,7,1,2,,,,,,,,,,,,,,,,,,,,-1,
R_T6LTEipF2x2lPWN,Default Response Set,Anonymous,,,50.98.114.227,0,2018-05-31 16:24:34,2018-05-31 16:31:02,0,62606,1,50,1,3,7,3,6,6,1,5,5,3,5,1,2,1,1,7,2,1,2,1,2,5,2,1,5,4,1,5,3,4,1,6,7,7,2,1,,,,,,,,,,,,,,,,,,,,,,,,,,,,,,,,,,,,,,,,,,,,,,,,,,,,,,,,,,,,,,,,,,,,,,,,,,,,,,,,,,,,,,,,,,,,,,,-1,
R_122YHZNuWFvGtFn,Default Response Set,Anonymous,,,96.49.192.39,0,2018-05-31 19:19:37,2018-05-31 19:20:27,0,94052,1,51,,,,,,,,,,,,,,,,,,,,,,,,,,,,,,,,,,,,,,,,,,,,,,,,,,,,,,,,,,,,,,,,,,,,,,,,,,,,,,,,,,,,,,,,,,,,,,,,,,,,,,,,,,,,,,,,,,,,,,,,,,,,,,,,,,,-1,
R_1LdveMeO6LFeDM1,Default Response Set,Anonymous,,,75.157.3.63,0,2018-05-31 22:26:41,2018-05-31 22:27:11,0,83999,1,51,,,,,,,,,,,,,,,,,,,,,,,,,,,,,,,,,,,,,,,,,,,,,,,,,,,,,,,,,,,,,,,,,,,,,,,,,,,,,,,,,,,,,,,,,,,,,,,,,,,,,,,,,,,,,,,,,,,,,,,,,,,,,,,,,,,-1,
R_0GJwyI9vIojewYp,Default Response Set,Anonymous,,,66.183.14.148,0,2018-06-01 01:01:44,2018-06-01 01:02:55,0,47994,1,35,,,,,,,,,,,,,,,,,,,,,,,,,,,,,,,,,,,,,,,,,,,,,,,,,,,,,,,,,,,,,,,,,,,,,,,,,,,,,,,,,,,,,,,,,,,,,,,,,,,,,,,,,,,,,,,,,,,,,,,,,,,,,,,,,,,-1,
R_2z7unEVzSN5OJl7,Default Response Set,Anonymous,,,70.68.201.242,0,2018-06-01 14:48:49,2018-06-01 14:49:02,0,61340,1,,,,,,,,,,,,,,,,,,,,,,,,,,,,,,,,,,,,,,,,,,,,,,,,,,,,,,,,,,,,,,,,,,,,,,,,,,,,,,,,,,,,,,,,,,,,,,,,,,,,,,,,,,,,,,,,,,,,,,,,,,,,,,,,,,,,-1,
R_2QYEOLTFi3dqXid,Default Response Set,Anonymous,,,70.79.152.73,0,2018-06-02 11:28:02,2018-06-02 23:34:46,0,41849,1,60,1,5,4,4,2,4,3,3,4,5,4,4,3,3,3,5,3,3,4,3,4,5,6,4,4,4,3,5,4,5,4,,,,,,,,,,,,,,,,,,,,,,,,,,,,,,,,,,,,,,,,,,,,,,,,,,,,,,,,,,,,,,,,,,,,,,,,,,,,,,,,,,,,,,,,,,,,,,,,,,,,-1,
R_1rcgV5RVCIql7OY,Default Response Set,Anonymous,,,96.48.238.128,0,2018-06-03 14:53:10,2018-06-03 14:53:53,0,63302,1,71,,,,,,,,,,,,,,,,,,,,,,,,,,,,,,,,,,,,,,,,,,,,,,,,,,,,,,,,,,,,,,,,,,,,,,,,,,,,,,,,,,,,,,,,,,,,,,,,,,,,,,,,,,,,,,,,,,,,,,,,,,,,,,,,,,,-1,
R_b2bfFhk6LT1CnlL,Default Response Set,Anonymous,,,70.69.67.235,0,2018-06-01 01:45:09,2018-06-03 16:49:57,0,23295,1,61,,,,,,,,,,,,,,,,,,,,,,,,,,,,,,,,,,,,,,,,,,,,,,,,,,,,,,,,,,,,,,,,,,,,,,,,,,,,,,,,,,,,,,,,,,,,,,,,,,,,,,,,,,,,,,,,,,,,,,,,,,,,,,,,,,,-1,
R_3FKCHdf2dvjPK6I,Default Response Set,Anonymous,,,142.58.132.155,0,2018-06-06 17:11:57,2018-06-06 18:06:58,0,95837,1,91,1,5,4,4,2,5,2,2,4,4,5,4,3,2,4,6,4,5,2,2,3,5,3,2,4,2,2,5,3,3,2,5,3,5,2,2,,,,,,,,,,,,,,,,,,,,,,,,,,,,,,,,,,,,,,,,,,,,,,,,,,,,,,,,,,,,,,,,,,,,,,,,,,,,,,,,,,,,,,,,,,,,,,,-1,
R_12r0MRaJQvcMBbl,Default Response Set,Anonymous,,,50.68.56.248,0,2018-06-18 20:43:55,2018-06-18 20:55:00,1,50058,1,78,1,6,6,2,2,2,2,4,2,2,6,2,2,3,2,5,2,6,4,2,2,6,2,2,2,2,2,2,2,6,2,6,5,6,2,2,2,2,2,2,2,5,2,2,5,5,2,6,6,6,3,1,2,3,4,4,3,6,6,6,6,6,6,3,2,6,4,6,1,5,2,5,5,3,3,6,4,5,2,4,5,1,6,5,2,3,5,5,4,4,4,4,5,4,4,4,4,2,2,5,5,3,5,3,5,5,2,3,5,2,3,2,19,Caucasian ,Psychology ,1,2,2,2,1,1,The computer game was about how fast you can lose money and once you are on a down ward spiral of loosing money it can quickly run out. ,2,Na,2,Na,2,1,49.316696166992,-123.06669616699,-1,
R_1MMymI1YkBSq8M3,Default Response Set,Anonymous,,,70.71.148.214,0,2018-08-13 15:15:27,2018-08-13 15:28:09,1,41447,1,72,1,5,6,4,3,4,5,2,4,3,6,2,3,1,3,6,5,4,5,3,5,4,4,3,5,4,3,5,3,6,3,7,7,7,3,2,5,5,4,5,2,2,7,6,5,5,5,5,5,5,5,1,3,5,4,5,7,7,4,1,5,6,4,4,5,3,4,4,2,3,5,5,6,6,7,7,7,7,2,2,5,1,5,3,4,3,4,3,3,3,4,4,5,4,4,4,4,4,4,6,6,5,3,5,5,5,6,4,6,3,4,2,19,Bangladeshi,Biological Sciences ,1,2,3,2,1,1,economic disparity and finances for low income families,2,One month and specific amount of money ,2,NA,4,1,49.0791015625,-122.7552947998,-1,
